2022/12/15 13:21,23,28,50900,28,1025,486,13
2022/12/15 13:37,23,26,27810,29,1025,477,10
2022/12/15 13:52,22,24,0,40,1025,487,9
2022/12/15 14:07,20,22,0,50,1025,489,9
2022/12/15 14:22,19,20,0,56,1026,490,9
2022/12/15 14:37,18,19,0,60,1026,492,9
2022/12/15 14:52,18,17,0,64,1026,492,9
2022/12/15 15:07,17,16,0,66,1026,493,9
2022/12/15 15:22,16,15,0,68,1027,494,9
2022/12/15 15:37,16,14,0,70,1027,493,8
2022/12/15 15:52,15,14,0,72,1027,491,8
2022/12/15 16:07,15,13,0,73,1027,490,8
2022/12/15 16:22,14,13,0,74,1027,491,8
2022/12/15 16:37,14,12,0,75,1027,489,8
2022/12/15 16:52,13,12,0,76,1028,491,8
2022/12/15 17:07,13,11,0,77,1028,489,8
2022/12/15 17:22,12,11,0,77,1028,488,8
2022/12/15 17:37,12,11,0,78,1029,488,8
2022/12/15 17:52,12,10,0,79,1029,489,8
2022/12/15 18:07,12,10,0,79,1029,490,8
2022/12/15 18:22,11,10,0,80,1029,491,8
2022/12/15 18:37,11,10,0,80,1029,490,8
2022/12/15 18:52,11,9,0,81,1029,492,8
2022/12/15 19:07,11,9,0,81,1030,492,8
2022/12/15 19:22,10,9,0,81,1030,492,8
2022/12/15 19:37,10,9,0,82,1030,493,8
2022/12/15 19:52,10,9,0,82,1030,497,8
2022/12/15 20:07,10,9,0,82,1030,495,8
2022/12/15 20:22,10,9,0,82,1030,499,8
2022/12/15 20:37,10,9,0,82,1031,497,8
2022/12/15 20:52,9,8,0,83,1031,499,8
2022/12/15 21:07,9,8,0,83,1031,497,8
2022/12/15 21:21,9,8,0,83,1031,494,8
2022/12/15 21:37,9,8,0,83,1031,497,8
2022/12/15 21:51,9,8,0,83,1032,500,8
2022/12/15 22:07,9,8,0,83,1032,499,8
2022/12/15 22:21,9,8,0,84,1032,500,8
2022/12/15 22:37,9,8,0,84,1032,498,8
2022/12/15 22:51,8,8,0,84,1032,501,8
2022/12/15 23:07,8,7,0,84,1032,501,8
2022/12/15 23:21,8,7,0,84,1032,500,8
2022/12/15 23:37,8,7,0,84,1032,501,8
2022/12/15 23:51,8,7,0,84,1032,504,8
2022/12/16 0:07,8,7,0,84,1032,502,8
2022/12/16 0:21,8,7,0,85,1032,502,8
2022/12/16 0:37,7,7,0,85,1032,501,8
2022/12/16 0:51,7,7,0,85,1032,504,8
2022/12/16 1:07,7,7,0,85,1032,503,8
2022/12/16 1:21,7,7,0,85,1032,503,8
2022/12/16 1:36,7,6,0,85,1033,503,8
2022/12/16 1:52,7,6,0,85,1032,505,8
2022/12/16 2:07,7,6,0,85,1032,503,8
2022/12/16 2:21,7,6,0,85,1032,503,8
2022/12/16 2:37,7,6,0,85,1032,505,8
2022/12/16 2:51,7,6,0,85,1032,506,8
2022/12/16 3:07,7,6,0,86,1032,506,8
2022/12/16 3:22,6,6,0,86,1032,505,8
2022/12/16 3:36,6,6,0,86,1032,507,8
2022/12/16 3:51,6,6,0,86,1033,508,8
2022/12/16 4:07,6,6,0,86,1033,508,8
2022/12/16 4:21,6,6,0,86,1033,508,8
2022/12/16 4:36,6,6,0,86,1033,509,8
2022/12/16 4:51,6,6,0,87,1033,511,8
2022/12/16 5:07,6,6,0,87,1033,508,8
2022/12/16 5:21,6,6,0,86,1033,512,8
2022/12/16 5:36,6,5,0,86,1033,509,8
2022/12/16 5:51,6,5,0,86,1033,510,8
2022/12/16 6:07,6,5,0,87,1033,513,8
2022/12/16 6:21,6,5,0,87,1033,517,8
2022/12/16 6:37,6,5,0,87,1033,509,8
2022/12/16 6:51,5,5,0,87,1033,512,8
2022/12/16 7:07,5,5,0,87,1033,513,8
2022/12/16 7:21,5,5,0,87,1033,513,8
2022/12/16 7:37,5,5,0,87,1033,516,8
2022/12/16 7:51,5,5,0,87,1033,517,8
2022/12/16 8:07,5,5,0,87,1034,516,8
2022/12/16 8:21,5,5,0,88,1034,516,8
2022/12/16 8:37,6,5,0,88,1034,517,8
2022/12/16 8:52,6,6,0,88,1034,518,8
2022/12/16 9:07,6,6,0,89,1034,518,8
2022/12/16 9:21,6,6,0,90,1034,520,8
2022/12/16 9:37,6,7,0,89,1034,523,8
2022/12/16 9:52,6,7,0,89,1034,522,8
2022/12/16 10:07,6,8,110,88,1034,522,8
2022/12/16 10:22,7,8,490,91,1033,524,8
2022/12/16 10:37,7,9,510,94,1033,521,8
2022/12/16 10:52,8,11,480,93,1033,522,8
2022/12/16 11:07,9,12,500,89,1033,521,8
2022/12/16 11:22,10,13,520,87,1033,519,8
2022/12/16 11:37,10,15,500,85,1033,521,8
2022/12/16 11:51,11,16,510,82,1033,521,8
2022/12/16 12:07,11,16,500,81,1032,520,8
2022/12/16 12:22,12,17,470,78,1032,521,8
2022/12/16 12:37,13,18,440,76,1031,523,8
2022/12/16 12:51,13,18,490,75,1031,517,8
2022/12/16 13:07,13,19,490,73,1031,514,8
2022/12/16 13:21,14,19,470,72,1031,514,8
2022/12/16 13:37,14,20,470,71,1030,515,8
2022/12/16 13:52,14,20,380,69,1030,482,8
2022/12/16 14:07,14,20,310,67,1030,495,8
2022/12/16 14:22,14,20,260,65,1030,487,8
2022/12/16 14:37,14,19,180,65,1030,484,8
2022/12/16 14:51,14,18,0,64,1030,481,8
2022/12/16 15:07,13,17,0,69,1030,481,8
2022/12/16 15:22,13,15,0,73,1030,474,8
2022/12/16 15:37,13,15,0,75,1030,477,8
2022/12/16 15:52,12,14,0,76,1030,479,8
2022/12/16 16:07,12,13,0,78,1030,475,8
2022/12/16 16:21,12,12,0,79,1030,475,8
2022/12/16 16:37,11,12,0,80,1029,475,8
2022/12/16 16:52,11,11,0,80,1030,475,8
2022/12/16 17:07,11,11,0,81,1030,473,8
2022/12/16 17:22,11,11,0,82,1030,474,8
2022/12/16 17:37,10,10,0,83,1030,471,8
2022/12/16 17:52,10,10,0,84,1030,473,8
2022/12/16 18:07,10,10,0,84,1030,477,8
2022/12/16 18:22,10,10,0,85,1030,476,8
2022/12/16 18:37,10,9,0,85,1030,476,8
2022/12/16 18:52,10,9,0,86,1030,478,8
2022/12/16 19:07,10,9,0,86,1030,477,8
2022/12/16 19:22,9,9,0,86,1030,478,8
2022/12/16 19:37,9,9,0,86,1030,479,8
2022/12/16 19:52,9,9,0,86,1030,477,8
2022/12/16 20:07,9,9,0,86,1030,480,8
2022/12/16 20:22,9,9,0,86,1030,480,8
2022/12/16 20:37,9,9,0,87,1030,480,8
2022/12/16 20:52,9,9,0,87,1030,484,8
2022/12/16 21:07,9,9,0,87,1030,483,8
2022/12/16 21:22,9,8,0,87,1030,481,8
2022/12/16 21:36,8,8,0,87,1030,480,8
2022/12/16 21:52,8,8,0,87,1030,483,8
2022/12/16 22:07,8,8,0,87,1030,483,8
2022/12/16 22:21,8,8,0,87,1030,484,8
2022/12/16 22:37,8,8,0,87,1030,486,8
2022/12/16 22:51,8,8,0,87,1030,484,8
2022/12/16 23:07,8,8,0,87,1030,483,8
2022/12/16 23:21,8,8,0,87,1030,487,8
2022/12/16 23:37,8,8,0,86,1029,485,8
2022/12/16 23:51,8,8,0,86,1029,482,8
2022/12/17 0:07,8,8,0,86,1029,481,8
2022/12/17 0:21,7,7,0,86,1029,487,8
2022/12/17 0:37,7,7,0,87,1029,484,8
2022/12/17 0:51,7,7,0,87,1029,480,8
2022/12/17 1:07,7,7,0,87,1028,484,8
2022/12/17 1:21,7,7,0,87,1028,482,8
2022/12/17 1:37,7,7,0,87,1028,481,8
2022/12/17 1:51,7,7,0,87,1028,485,8
2022/12/17 2:07,7,7,0,87,1028,484,8
2022/12/17 2:21,7,7,0,87,1028,483,8
2022/12/17 2:37,7,7,0,87,1028,483,8
2022/12/17 2:51,7,7,0,87,1028,483,8
2022/12/17 3:07,7,6,0,87,1028,486,8
2022/12/17 3:21,7,6,0,87,1029,484,8
2022/12/17 3:36,6,6,0,88,1029,481,8
2022/12/17 3:51,7,6,0,88,1029,482,8
2022/12/17 4:07,7,6,0,88,1029,481,8
2022/12/17 4:21,7,6,0,89,1029,478,8
2022/12/17 4:36,6,6,0,89,1029,480,8
2022/12/17 4:51,7,6,0,89,1029,477,8
2022/12/17 5:07,7,6,0,89,1029,479,8
2022/12/17 5:22,7,6,0,89,1029,482,8
2022/12/17 5:36,6,6,0,89,1029,481,8
2022/12/17 5:51,6,6,0,88,1029,480,8
2022/12/17 6:07,6,6,0,89,1029,475,8
2022/12/17 6:21,6,6,0,88,1029,475,8
2022/12/17 6:36,6,6,0,88,1029,475,8
2022/12/17 6:51,6,6,0,88,1029,472,8
2022/12/17 7:07,6,6,0,88,1029,473,8
2022/12/17 7:22,6,6,0,88,1029,472,8
2022/12/17 7:37,6,6,0,88,1029,472,8
2022/12/17 7:52,6,6,0,88,1029,472,8
2022/12/17 8:07,6,6,0,89,1029,472,8
2022/12/17 8:22,6,6,0,89,1029,471,8
2022/12/17 8:37,6,6,700,89,1029,473,8
2022/12/17 8:52,7,7,510,90,1029,472,8
2022/12/17 9:07,8,7,670,90,1029,468,8
2022/12/17 9:21,8,8,680,90,1029,466,8
2022/12/17 9:37,9,9,630,89,1029,461,8
2022/12/17 9:52,9,9,660,88,1029,457,8
2022/12/17 10:07,10,10,930,88,1029,455,8
2022/12/17 10:22,11,11,930,88,1029,455,8
2022/12/17 10:37,12,12,980,87,1029,449,8
2022/12/17 10:52,13,14,990,85,1028,445,8
2022/12/17 11:07,13,15,610,81,1028,448,8
2022/12/17 11:22,14,16,1020,78,1028,442,8
2022/12/17 11:37,14,16,0,75,1027,444,8
2022/12/17 11:51,13,16,0,72,1027,447,8
2022/12/17 12:07,12,15,0,72,1027,444,8
2022/12/17 12:22,12,14,0,74,1026,447,8
2022/12/17 12:37,12,13,0,76,1026,444,8
2022/12/17 12:52,11,12,0,77,1026,447,8
2022/12/17 13:07,13,12,2490,80,1025,446,8
2022/12/17 13:22,15,14,1650,80,1025,444,8
2022/12/17 13:37,17,15,2210,75,1025,443,8
2022/12/17 13:52,18,16,2270,73,1025,435,8
2022/12/17 14:07,19,17,2320,72,1025,428,8
2022/12/17 14:21,18,18,2070,67,1025,425,8
2022/12/17 14:37,18,18,2200,66,1025,420,8
2022/12/17 14:52,18,18,1790,65,1025,418,8
2022/12/17 15:07,17,18,1830,64,1025,414,8
2022/12/17 15:22,17,18,1500,63,1025,409,8
2022/12/17 15:37,16,17,0,60,1025,405,8
2022/12/17 15:52,15,16,0,66,1026,410,8
2022/12/17 16:07,14,14,0,70,1026,415,8
2022/12/17 16:22,14,13,0,74,1026,417,8
2022/12/17 16:37,13,12,0,76,1026,419,8
2022/12/17 16:52,13,11,0,79,1026,420,8
2022/12/17 17:04,12,11,0,80,1026,419,8
2022/12/17 17:17,12,10,0,81,1026,421,8
2022/12/17 17:31,12,10,0,82,1026,422,8
2022/12/17 17:46,11,10,0,83,1026,426,8
2022/12/17 18:02,11,9,0,83,1026,423,8
2022/12/17 18:17,11,9,0,84,1026,426,8
2022/12/17 18:31,10,9,0,84,1026,427,8
2022/12/17 18:47,10,9,0,85,1026,431,8
2022/12/17 19:01,10,9,0,85,1026,438,8
2022/12/17 19:16,10,9,0,86,1026,428,8
2022/12/17 19:31,10,8,0,86,1026,428,8
2022/12/17 19:46,10,8,0,86,1026,436,8
2022/12/17 20:01,9,8,0,85,1026,437,8
2022/12/17 20:16,9,8,0,85,1026,430,8
2022/12/17 20:32,9,8,0,86,1026,439,8
2022/12/17 20:46,9,8,0,86,1026,436,8
2022/12/17 21:01,9,8,0,86,1025,440,8
2022/12/17 21:17,8,7,0,86,1025,438,8
2022/12/17 21:32,8,7,0,86,1025,440,8
2022/12/17 21:46,8,7,0,86,1025,441,8
2022/12/17 22:01,8,7,0,86,1025,444,8
2022/12/17 22:16,8,7,0,86,1025,442,8
2022/12/17 22:31,8,7,0,86,1025,443,8
2022/12/17 22:46,7,7,0,86,1025,447,8
2022/12/17 23:01,7,7,0,86,1025,446,8
2022/12/17 23:16,7,7,0,87,1025,447,8
2022/12/17 23:31,7,7,0,87,1025,452,8
2022/12/17 23:46,7,6,0,87,1025,447,8
2022/12/18 0:01,7,6,0,87,1025,448,8
2022/12/18 0:16,7,6,0,88,1025,448,8
2022/12/18 0:31,7,6,0,88,1025,452,8
2022/12/18 0:47,7,6,0,88,1025,451,8
2022/12/18 1:01,7,6,0,88,1025,449,8
2022/12/18 1:16,7,6,0,88,1025,450,8
2022/12/18 1:31,7,6,0,88,1025,451,8
2022/12/18 1:46,7,6,0,88,1025,450,8
2022/12/18 2:01,7,6,0,88,1025,451,8
2022/12/18 2:16,7,6,0,88,1025,452,8
2022/12/18 2:31,6,6,0,88,1025,451,8
2022/12/18 2:46,7,6,0,88,1025,454,8
2022/12/18 3:01,6,6,0,88,1025,450,8
2022/12/18 3:16,6,6,0,88,1025,451,8
2022/12/18 3:31,6,6,0,88,1025,453,8
2022/12/18 3:46,6,6,0,88,1025,453,8
2022/12/18 4:01,6,6,0,88,1025,452,8
2022/12/18 4:16,6,6,0,88,1024,452,8
2022/12/18 4:31,6,6,0,88,1024,454,8
2022/12/18 4:46,6,6,0,88,1024,453,8
2022/12/18 5:01,6,6,0,88,1024,453,8
2022/12/18 5:16,6,6,0,88,1024,452,8
2022/12/18 5:31,6,6,0,87,1024,453,8
2022/12/18 5:46,6,6,0,87,1024,451,8
2022/12/18 6:01,6,5,0,88,1024,453,8
2022/12/18 6:16,6,5,0,88,1024,454,8
2022/12/18 6:31,6,5,0,88,1024,453,8
2022/12/18 6:46,5,5,0,88,1024,455,8
2022/12/18 7:02,5,5,0,88,1024,455,8
2022/12/18 7:16,5,5,0,88,1024,453,8
2022/12/18 7:31,5,5,0,88,1024,459,8
2022/12/18 7:46,5,5,0,88,1024,453,8
2022/12/18 8:01,5,5,0,89,1024,457,8
2022/12/18 8:16,5,5,0,89,1024,454,8
2022/12/18 8:31,6,6,3050,90,1025,459,8
2022/12/18 8:47,7,7,3560,90,1025,456,8
2022/12/18 9:01,9,8,3270,90,1024,455,8
2022/12/18 9:17,10,10,3050,89,1024,456,8
2022/12/18 9:32,11,12,450,87,1024,456,8
2022/12/18 9:46,11,12,460,85,1024,471,8
2022/12/18 10:01,11,13,490,85,1024,484,8
2022/12/18 10:16,12,14,520,83,1024,471,8
2022/12/18 10:31,12,14,530,82,1024,470,8
2022/12/18 10:46,12,15,530,81,1024,468,8
2022/12/18 11:01,13,16,500,79,1023,468,8
2022/12/18 11:16,13,16,550,78,1023,460,8
2022/12/18 11:31,13,17,620,76,1023,459,8
2022/12/18 11:46,13,17,150,72,1023,457,8
2022/12/18 12:01,13,16,410,72,1022,453,8
2022/12/18 12:16,13,16,560,75,1022,451,8
2022/12/18 12:31,14,17,590,75,1022,449,8
2022/12/18 12:46,14,17,520,74,1022,449,8
2022/12/18 13:02,14,17,530,72,1022,445,8
2022/12/18 13:16,14,18,540,72,1022,442,8
2022/12/18 13:32,15,18,520,73,1021,439,8
2022/12/18 13:46,15,18,440,72,1021,442,8
2022/12/18 14:01,15,18,260,70,1021,440,8
2022/12/18 14:17,15,18,110,71,1021,435,8
2022/12/18 14:31,15,18,460,72,1021,433,8
2022/12/18 14:47,15,18,420,71,1021,433,8
2022/12/18 15:02,15,18,350,71,1021,432,8
2022/12/18 15:16,15,17,230,70,1021,426,8
2022/12/18 15:31,15,17,0,69,1021,425,8
2022/12/18 15:46,14,16,0,72,1021,428,8
2022/12/18 16:01,14,15,0,74,1021,425,8
2022/12/18 16:17,13,14,0,76,1021,429,8
2022/12/18 16:31,13,13,0,78,1021,429,8
2022/12/18 16:47,13,12,0,79,1021,432,8
2022/12/18 17:01,12,12,0,80,1021,431,8
2022/12/18 17:16,12,11,0,81,1021,430,8
2022/12/18 17:31,12,11,0,82,1022,429,8
2022/12/18 17:47,11,10,0,83,1022,432,8
2022/12/18 18:01,11,10,0,84,1022,434,8
2022/12/18 18:16,11,10,0,84,1022,435,8
2022/12/18 18:31,10,9,0,85,1022,437,8
2022/12/18 18:46,10,9,0,85,1022,438,8
2022/12/18 19:01,10,9,0,86,1022,439,8
2022/12/18 19:16,10,9,0,86,1022,440,8
2022/12/18 19:31,10,9,0,86,1022,442,8
2022/12/18 19:46,9,8,0,86,1022,444,8
2022/12/18 20:01,9,8,0,86,1022,441,8
2022/12/18 20:16,9,8,0,87,1022,445,8
2022/12/18 20:31,9,8,0,87,1022,444,8
2022/12/18 20:46,9,8,0,87,1022,448,8
2022/12/18 21:01,9,8,0,87,1022,451,8
2022/12/18 21:16,9,8,0,87,1022,451,8
2022/12/18 21:32,9,8,0,87,1022,449,8
2022/12/18 21:46,8,8,0,87,1022,454,8
2022/12/18 22:02,8,7,0,87,1022,453,8
2022/12/18 22:16,8,7,0,87,1022,456,8
2022/12/18 22:31,8,7,0,87,1021,454,8
2022/12/18 22:46,8,7,0,87,1021,456,8
2022/12/18 23:01,8,7,0,87,1021,458,8
2022/12/18 23:16,8,7,0,87,1021,459,8
2022/12/18 23:31,8,7,0,87,1021,459,8
2022/12/18 23:46,8,7,0,88,1021,461,8
2022/12/19 0:01,7,7,0,88,1021,461,8
2022/12/19 0:16,7,7,0,88,1021,464,8
2022/12/19 0:31,7,7,0,88,1021,462,8
2022/12/19 0:46,7,7,0,88,1021,465,8
2022/12/19 1:02,7,7,0,88,1021,464,8
2022/12/19 1:16,7,6,0,88,1022,466,8
2022/12/19 1:31,7,6,0,88,1022,466,8
2022/12/19 1:46,7,6,0,88,1022,466,8
2022/12/19 2:01,7,6,0,88,1022,468,8
2022/12/19 2:17,7,6,0,88,1022,468,8
2022/12/19 2:31,7,6,0,88,1022,465,8
2022/12/19 2:46,7,6,0,88,1022,468,8
2022/12/19 3:01,6,6,0,88,1022,470,8
2022/12/19 3:16,6,6,0,88,1022,469,8
2022/12/19 3:31,6,6,0,88,1022,468,8
2022/12/19 3:46,6,6,0,88,1022,471,8
2022/12/19 4:01,6,6,0,88,1022,469,8
2022/12/19 4:16,6,6,0,88,1022,472,8
2022/12/19 4:31,6,6,0,88,1022,472,8
2022/12/19 4:46,6,6,0,88,1022,472,8
2022/12/19 5:01,6,6,0,88,1022,470,8
2022/12/19 5:16,6,6,0,89,1022,471,8
2022/12/19 5:31,6,5,0,88,1022,473,8
2022/12/19 5:46,6,5,0,88,1022,471,8
2022/12/19 6:01,6,5,0,88,1023,472,8
2022/12/19 6:16,6,5,0,88,1023,470,8
2022/12/19 6:32,5,5,0,88,1023,471,8
2022/12/19 6:46,5,5,0,88,1023,472,8
2022/12/19 7:01,5,5,0,89,1023,472,8
2022/12/19 7:16,5,5,0,89,1023,471,8
2022/12/19 7:31,6,5,0,89,1023,473,8
2022/12/19 7:46,5,5,0,89,1024,473,7
2022/12/19 8:01,5,5,0,89,1024,475,8
2022/12/19 8:17,5,5,0,90,1024,473,8
2022/12/19 8:31,6,5,160,91,1024,473,8
2022/12/19 8:46,6,6,260,91,1025,481,8
2022/12/19 9:01,7,6,300,92,1025,485,8
2022/12/19 9:16,7,7,330,93,1025,486,8
2022/12/19 9:31,7,8,360,94,1025,487,8
2022/12/19 9:46,8,9,380,95,1025,485,8
2022/12/19 10:01,9,11,410,94,1025,483,8
2022/12/19 10:16,9,12,420,93,1025,483,8
2022/12/19 10:31,10,13,440,91,1025,482,8
2022/12/19 10:47,10,14,440,89,1025,480,8
2022/12/19 11:01,11,15,450,86,1025,480,8
2022/12/19 11:16,12,16,460,84,1025,479,8
2022/12/19 11:31,12,17,460,82,1025,477,8
2022/12/19 11:46,13,17,460,80,1025,476,8
2022/12/19 12:01,13,18,460,79,1024,476,8
2022/12/19 12:16,13,19,460,77,1024,475,8
2022/12/19 12:31,14,19,460,76,1024,476,8
2022/12/19 12:46,14,20,460,75,1024,469,8
2022/12/19 13:01,15,20,450,74,1024,471,8
2022/12/19 13:17,15,21,430,73,1024,472,8
2022/12/19 13:31,15,21,420,72,1024,470,8
2022/12/19 13:46,15,21,410,70,1024,465,8
2022/12/19 14:01,16,21,390,70,1024,466,8
2022/12/19 14:16,16,21,370,69,1024,463,8
2022/12/19 14:31,16,21,330,68,1024,462,8
2022/12/19 14:46,16,21,290,67,1024,462,8
2022/12/19 15:02,16,20,230,67,1024,460,8
2022/12/19 15:16,16,20,150,67,1024,458,8
2022/12/19 15:31,15,19,0,68,1024,456,8
2022/12/19 15:46,15,18,0,70,1024,459,7
2022/12/19 16:01,14,16,0,73,1024,457,7
2022/12/19 16:16,14,15,0,76,1024,458,7
2022/12/19 16:31,14,15,0,77,1024,460,7
2022/12/19 16:46,13,14,0,79,1024,458,7
2022/12/19 17:01,13,13,0,79,1024,460,7
2022/12/19 17:16,13,13,0,80,1024,461,7
2022/12/19 17:31,12,12,0,81,1024,458,7
2022/12/19 17:46,12,12,0,82,1025,460,7
2022/12/19 18:02,12,11,0,83,1025,461,7
2022/12/19 18:17,11,11,0,84,1025,461,7
2022/12/19 18:31,11,11,0,85,1025,461,7
2022/12/19 18:46,11,10,0,85,1025,461,7
2022/12/19 19:01,11,10,0,86,1025,465,7
2022/12/19 19:17,10,10,0,86,1025,466,7
2022/12/19 19:31,10,10,0,86,1025,466,7
2022/12/19 19:46,10,9,0,86,1025,472,7
2022/12/19 20:01,10,9,0,87,1025,472,7
2022/12/19 20:16,10,9,0,87,1025,468,7
2022/12/19 20:31,10,9,0,87,1025,475,7
2022/12/19 20:46,9,9,0,87,1025,472,7
2022/12/19 21:01,9,9,0,87,1025,475,7
2022/12/19 21:16,9,9,0,87,1025,478,7
2022/12/19 21:31,9,8,0,87,1025,476,7
2022/12/19 21:46,9,8,0,87,1025,480,7
2022/12/19 22:01,9,8,0,87,1025,479,7
2022/12/19 22:16,9,8,0,87,1025,479,7
2022/12/19 22:31,9,8,0,87,1026,479,7
2022/12/19 22:46,8,8,0,88,1026,483,7
2022/12/19 23:01,8,8,0,88,1025,482,7
2022/12/19 23:16,8,8,0,88,1025,484,7
2022/12/19 23:32,8,8,0,88,1026,484,7
2022/12/19 23:46,8,8,0,88,1026,484,7
2022/12/20 0:01,8,7,0,88,1025,486,7
2022/12/20 0:16,8,7,0,88,1025,484,7
2022/12/20 0:31,8,7,0,88,1025,488,7
2022/12/20 0:46,8,7,0,88,1025,486,7
2022/12/20 1:01,8,7,0,88,1025,488,7
2022/12/20 1:16,7,7,0,88,1025,488,7
2022/12/20 1:31,7,7,0,88,1025,491,7
2022/12/20 1:46,7,7,0,88,1025,489,7
2022/12/20 2:01,7,7,0,88,1025,491,7
2022/12/20 2:16,7,7,0,88,1025,492,7
2022/12/20 2:31,7,7,0,88,1025,490,7
2022/12/20 2:46,7,7,0,88,1025,493,7
2022/12/20 3:01,7,7,0,88,1025,491,7
2022/12/20 3:16,7,7,0,88,1024,493,7
2022/12/20 3:31,7,6,0,89,1024,491,7
2022/12/20 3:47,7,6,0,89,1024,494,7
2022/12/20 4:01,7,6,0,89,1024,495,7
2022/12/20 4:16,7,6,0,89,1024,494,7
2022/12/20 4:31,6,6,0,89,1024,493,7
2022/12/20 4:46,7,6,0,89,1024,496,7
2022/12/20 5:01,7,6,0,89,1024,494,7
2022/12/20 5:16,7,6,0,89,1024,493,7
2022/12/20 5:31,6,6,0,89,1024,498,7
2022/12/20 5:46,6,6,0,89,1024,498,7
2022/12/20 6:01,6,6,0,89,1024,495,7
2022/12/20 6:16,6,6,0,89,1024,495,7
2022/12/20 6:31,6,6,0,89,1024,494,7
2022/12/20 6:46,6,6,0,89,1024,495,7
2022/12/20 7:01,6,6,0,89,1024,496,7
2022/12/20 7:16,6,6,0,89,1024,496,7
2022/12/20 7:31,6,6,0,89,1024,494,7
2022/12/20 7:46,6,6,0,89,1023,499,7
2022/12/20 8:02,6,6,0,90,1023,495,7
2022/12/20 8:16,6,6,0,90,1023,495,7
2022/12/20 8:31,6,6,0,90,1024,496,7
2022/12/20 8:46,6,6,110,90,1023,498,7
2022/12/20 9:01,6,6,140,90,1023,498,7
2022/12/20 9:16,6,7,130,91,1023,497,7
2022/12/20 9:31,6,7,180,91,1023,497,7
2022/12/20 9:46,7,7,180,91,1023,493,7
2022/12/20 10:01,7,7,160,92,1023,495,7
2022/12/20 10:16,7,8,210,92,1023,491,7
2022/12/20 10:31,7,8,240,91,1023,493,7
2022/12/20 10:46,7,8,260,91,1022,491,7
2022/12/20 11:01,8,9,230,92,1022,489,7
2022/12/20 11:16,8,9,190,91,1021,485,7
2022/12/20 11:31,8,9,210,90,1021,485,7
2022/12/20 11:46,8,10,110,88,1021,488,7
2022/12/20 12:01,8,10,170,86,1020,484,7
2022/12/20 12:17,8,10,180,87,1020,484,7
2022/12/20 12:31,8,10,150,87,1019,478,7
2022/12/20 12:46,8,10,180,87,1019,477,7
2022/12/20 13:01,8,10,110,86,1019,475,7
2022/12/20 13:16,8,10,110,86,1018,478,7
2022/12/20 13:32,8,10,120,85,1018,480,7
2022/12/20 13:46,8,10,100,86,1018,474,7
2022/12/20 14:02,8,9,90,86,1017,476,7
2022/12/20 14:17,8,9,90,86,1017,476,7
2022/12/20 14:32,8,9,70,86,1017,479,7
2022/12/20 14:46,8,9,40,86,1017,463,7
2022/12/20 15:02,8,9,40,86,1016,461,7
2022/12/20 15:16,8,9,30,86,1016,462,7
2022/12/20 15:32,8,9,10,86,1016,461,7
2022/12/20 15:47,8,9,0,87,1015,462,7
2022/12/20 16:02,8,9,0,88,1015,463,7
2022/12/20 16:17,8,8,0,88,1015,468,7
2022/12/20 16:32,8,8,0,88,1015,465,7
2022/12/20 16:47,8,8,0,88,1015,463,7
2022/12/20 17:01,8,8,0,88,1015,466,7
2022/12/20 17:16,8,8,0,88,1014,466,7
2022/12/20 17:31,8,8,0,88,1014,464,7
2022/12/20 17:46,7,8,0,88,1014,466,7
2022/12/20 18:02,7,8,0,88,1014,466,7
2022/12/20 18:17,7,8,0,88,1014,469,7
2022/12/20 18:31,7,8,0,89,1014,469,7
2022/12/20 18:46,7,8,0,89,1014,470,7
2022/12/20 19:01,7,8,0,89,1014,466,7
2022/12/20 19:16,7,8,0,89,1014,469,7
2022/12/20 19:32,7,8,0,89,1014,468,7
2022/12/20 19:46,7,8,0,89,1014,468,7
2022/12/20 20:01,7,7,0,89,1014,466,7
2022/12/20 20:16,7,7,0,89,1014,469,7
2022/12/20 20:32,7,7,0,89,1014,471,7
2022/12/20 20:46,7,7,0,89,1014,472,7
2022/12/20 21:01,7,7,0,89,1014,468,7
2022/12/20 21:16,7,7,0,89,1014,471,7
2022/12/20 21:31,7,7,0,89,1013,472,7
2022/12/20 21:46,7,7,0,89,1013,475,7
2022/12/20 22:01,7,7,0,89,1013,470,7
2022/12/20 22:16,7,7,0,89,1013,475,7
2022/12/20 22:31,7,7,0,89,1013,472,7
2022/12/20 22:46,7,7,0,89,1013,472,7
2022/12/20 23:01,7,7,0,89,1012,469,7
2022/12/20 23:16,7,7,0,89,1012,474,7
2022/12/20 23:31,7,7,0,89,1012,474,7
2022/12/20 23:46,6,7,0,89,1012,473,7
2022/12/21 0:01,6,7,0,90,1012,471,7
2022/12/21 0:16,6,7,0,90,1012,475,7
2022/12/21 0:31,6,7,0,90,1012,476,7
2022/12/21 0:46,6,7,0,90,1011,474,7
2022/12/21 1:01,6,7,0,89,1011,477,7
2022/12/21 1:16,6,7,0,89,1011,474,7
2022/12/21 1:31,6,6,0,89,1011,476,7
2022/12/21 1:46,6,6,0,89,1011,477,7
2022/12/21 2:01,6,6,0,89,1011,477,7
2022/12/21 2:16,6,6,0,89,1011,482,7
2022/12/21 2:31,6,6,0,89,1011,478,7
2022/12/21 2:46,6,6,0,89,1011,480,7
2022/12/21 3:01,6,6,0,89,1011,475,7
2022/12/21 3:16,6,6,0,89,1011,475,7
2022/12/21 3:31,6,6,0,89,1011,478,7
2022/12/21 3:46,6,6,0,90,1010,491,7
2022/12/21 4:01,6,6,0,90,1010,484,7
2022/12/21 4:16,6,6,0,90,1010,478,7
2022/12/21 4:31,6,6,0,90,1010,490,7
2022/12/21 4:46,6,6,0,90,1010,486,7
2022/12/21 5:01,6,6,0,90,1010,484,7
2022/12/21 5:16,6,6,0,90,1010,488,7
2022/12/21 5:31,6,6,0,90,1010,476,7
2022/12/21 5:46,6,6,0,90,1010,480,7
2022/12/21 6:01,6,6,0,90,1010,488,7
2022/12/21 6:16,6,6,0,90,1010,480,7
2022/12/21 6:31,6,6,0,90,1010,477,7
2022/12/21 6:46,6,6,0,90,1010,483,7
2022/12/21 7:01,6,6,0,90,1010,480,7
2022/12/21 7:16,6,6,0,90,1011,480,7
2022/12/21 7:31,6,6,0,90,1011,479,7
2022/12/21 7:46,6,6,0,90,1011,469,7
2022/12/21 8:01,6,6,0,90,1011,474,7
2022/12/21 8:16,6,6,0,90,1012,471,7
2022/12/21 8:31,6,6,0,90,1012,465,7
2022/12/21 8:46,6,6,0,91,1012,470,7
2022/12/21 9:01,6,6,140,91,1012,472,7
2022/12/21 9:16,6,6,110,92,1012,468,7
2022/12/21 9:31,6,7,130,93,1012,463,7
2022/12/21 9:46,6,7,170,93,1012,467,7
2022/12/21 10:01,7,8,190,93,1012,462,7
2022/12/21 10:16,7,9,200,93,1012,467,7
2022/12/21 10:31,7,9,210,93,1012,462,7
2022/12/21 10:46,8,10,210,92,1012,462,7
2022/12/21 11:01,8,11,230,91,1012,460,7
2022/12/21 11:16,9,11,220,89,1012,459,7
2022/12/21 11:31,9,12,230,88,1012,460,7
2022/12/21 11:46,9,12,230,87,1012,448,7
2022/12/21 12:01,9,13,230,86,1012,449,7
2022/12/21 12:16,10,13,230,85,1012,456,7
2022/12/21 12:31,10,14,230,84,1012,452,7
2022/12/21 12:46,10,14,220,83,1012,449,7
2022/12/21 13:02,10,14,210,82,1012,454,7
2022/12/21 13:16,11,14,220,81,1012,449,7
2022/12/21 13:31,11,14,220,80,1012,449,7
2022/12/21 13:46,11,15,210,80,1012,446,7
2022/12/21 14:01,11,15,200,79,1012,444,7
2022/12/21 14:16,11,15,180,79,1012,447,7
2022/12/21 14:32,11,15,160,78,1012,450,7
2022/12/21 14:46,11,15,130,78,1012,442,7
2022/12/21 15:02,11,14,90,78,1012,451,7
2022/12/21 15:16,11,14,50,77,1012,450,7
2022/12/21 15:31,11,13,0,78,1012,440,7
2022/12/21 15:46,10,13,0,79,1012,439,7
2022/12/21 16:02,10,12,0,80,1013,436,7
2022/12/21 16:16,10,11,0,81,1013,447,7
2022/12/21 16:31,10,11,0,82,1013,436,7
2022/12/21 16:46,9,10,0,83,1013,434,7
2022/12/21 17:02,9,10,0,84,1014,436,7
2022/12/21 17:17,9,9,0,85,1014,439,7
2022/12/21 17:31,9,9,0,86,1014,434,7
2022/12/21 17:47,9,9,0,86,1014,437,7
2022/12/21 18:02,9,9,0,87,1015,440,7
2022/12/21 18:16,8,8,0,87,1015,442,7
2022/12/21 18:32,8,8,0,87,1015,445,7
2022/12/21 18:46,8,8,0,88,1015,472,7
2022/12/21 19:01,8,8,0,88,1015,444,7
2022/12/21 19:16,8,8,0,88,1015,443,7
2022/12/21 19:31,8,8,0,88,1015,443,7
2022/12/21 19:46,8,7,0,88,1015,441,7
2022/12/21 20:01,8,7,0,88,1015,449,7
2022/12/21 20:17,7,7,0,89,1016,453,7
2022/12/21 20:31,7,7,0,88,1016,449,7
2022/12/21 20:46,7,7,0,88,1016,447,7
2022/12/21 21:01,7,7,0,88,1016,445,7
2022/12/21 21:16,7,7,0,88,1016,455,7
2022/12/21 21:31,7,7,0,89,1016,450,7
2022/12/21 21:46,7,7,0,89,1016,453,7
2022/12/21 22:01,7,7,0,89,1016,450,7
2022/12/21 22:16,7,6,0,89,1016,452,7
2022/12/21 22:31,7,6,0,89,1016,450,7
2022/12/21 22:46,7,6,0,89,1016,440,7
2022/12/21 23:01,7,6,0,89,1016,451,7
2022/12/21 23:16,6,6,0,89,1016,440,7
2022/12/21 23:31,6,6,0,89,1016,445,7
2022/12/21 23:41,6,6,0,89,1016,454,7
2022/12/21 23:56,6,6,0,89,1016,454,7
2022/12/22 0:11,7,6,0,90,1016,449,7
2022/12/22 0:27,6,6,0,89,1016,444,7
2022/12/22 0:41,6,6,0,89,1016,453,7
2022/12/22 0:57,6,6,0,89,1016,451,7
2022/12/22 1:11,6,6,0,89,1016,447,7
2022/12/22 1:26,6,6,0,89,1016,452,7
2022/12/22 1:41,6,6,0,89,1017,453,7
2022/12/22 1:56,6,6,0,89,1017,447,7
2022/12/22 2:11,6,6,0,89,1017,454,7
2022/12/22 2:26,6,6,0,89,1017,450,7
2022/12/22 2:41,6,6,0,89,1017,446,7
2022/12/22 2:56,6,6,0,89,1016,454,7
2022/12/22 3:11,6,5,0,89,1016,454,7
2022/12/22 3:26,6,5,0,89,1016,449,7
2022/12/22 3:41,5,5,0,89,1016,460,7
2022/12/22 3:56,5,5,0,89,1016,435,7
2022/12/22 4:11,5,5,0,89,1016,459,7
2022/12/22 4:27,5,5,0,90,1016,454,7
2022/12/22 4:42,5,5,0,90,1016,448,7
2022/12/22 4:56,5,5,0,90,1016,454,7
2022/12/22 5:11,5,5,0,90,1016,456,7
2022/12/22 5:26,5,5,0,90,1016,452,7
2022/12/22 5:41,5,5,0,90,1016,451,7
2022/12/22 5:56,5,5,0,90,1016,447,7
2022/12/22 6:11,5,5,0,90,1016,452,7
2022/12/22 6:26,5,5,0,90,1016,453,7
2022/12/22 6:41,5,5,0,90,1016,449,7
2022/12/22 6:56,5,5,0,90,1016,447,7
2022/12/22 7:11,5,5,0,90,1016,446,7
2022/12/22 7:27,5,5,0,90,1016,441,7
2022/12/22 7:41,5,5,0,90,1016,444,7
2022/12/22 7:56,5,5,0,90,1017,441,7
2022/12/22 8:11,5,5,0,90,1017,448,7
2022/12/22 8:26,5,5,0,91,1017,444,7
2022/12/22 8:42,5,5,0,91,1017,443,7
2022/12/22 8:57,5,5,210,91,1017,446,7
2022/12/22 9:11,5,5,260,92,1017,444,7
2022/12/22 9:26,6,6,280,93,1017,443,7
2022/12/22 9:41,6,7,300,94,1017,440,7
2022/12/22 9:57,6,8,290,94,1017,440,7
2022/12/22 10:12,7,8,300,93,1016,437,7
2022/12/22 10:26,7,9,310,91,1016,437,7
2022/12/22 10:41,8,10,320,89,1016,439,7
2022/12/22 10:56,9,12,49500,61,1016,430,7
2022/12/22 11:12,7,2,52480,36,1016,398,7
2022/12/22 11:27,5,6553,50730,41,1016,423,7
2022/12/22 11:41,5,6553,56860,41,1016,440,7
2022/12/22 11:56,5,6554,35920,41,1016,434,7
2022/12/22 12:12,5,6553,52900,39,1016,435,7
2022/12/22 12:27,5,6553,19470,41,1015,439,7
2022/12/22 12:42,5,6552,53410,37,1015,445,7
2022/12/22 12:57,5,6551,13670,41,1015,451,7
2022/12/22 13:12,5,6552,44110,37,1015,449,7
2022/12/22 13:27,6,6553,27490,52,1015,443,7
2022/12/22 13:42,7,3,18770,72,1016,412,7
2022/12/22 13:57,7,5,0,79,1016,408,7
2022/12/22 14:11,7,6,0,80,1016,410,7
2022/12/22 14:27,7,7,0,81,1016,411,7
2022/12/22 14:42,7,7,0,82,1016,417,7
2022/12/22 14:57,7,7,0,82,1016,412,7
2022/12/22 15:11,7,7,0,82,1017,412,7
2022/12/22 15:27,7,7,0,83,1017,415,7
2022/12/22 15:41,7,7,0,83,1017,414,7
2022/12/22 15:57,7,7,0,83,1017,416,7
2022/12/22 16:12,7,7,0,84,1017,416,7
2022/12/22 16:27,6,7,0,84,1017,416,7
2022/12/22 16:42,6,6,0,84,1017,420,7
2022/12/22 16:57,6,6,0,85,1017,420,7
2022/12/22 17:12,6,6,0,85,1017,421,7
2022/12/22 17:27,6,6,0,86,1018,420,7
2022/12/22 17:42,6,6,0,86,1018,420,7
2022/12/22 17:57,6,6,0,86,1018,420,7
2022/12/22 18:11,6,6,0,86,1018,423,7
2022/12/22 18:27,6,6,0,87,1018,419,7
2022/12/22 18:41,6,6,0,87,1018,423,7
2022/12/22 18:57,6,6,0,87,1018,420,7
2022/12/22 19:12,6,5,0,87,1018,422,7
2022/12/22 19:27,6,5,0,87,1018,427,7
2022/12/22 19:42,6,5,0,87,1018,424,7
2022/12/22 19:57,5,5,0,87,1018,427,7
2022/12/22 20:11,5,5,0,88,1019,423,7
2022/12/22 20:26,5,5,0,88,1019,423,7
2022/12/22 20:41,5,5,0,88,1019,425,7
2022/12/22 20:56,5,5,0,88,1019,425,7
2022/12/22 21:12,5,5,0,88,1019,426,7
2022/12/22 21:27,5,5,0,88,1019,426,7
2022/12/22 21:42,5,5,0,88,1019,425,7
2022/12/22 21:56,5,5,0,88,1019,425,7
2022/12/22 22:11,5,5,0,88,1019,425,7
2022/12/22 22:27,5,5,0,88,1019,427,7
2022/12/22 22:41,5,5,0,88,1019,425,7
2022/12/22 22:56,5,5,0,89,1019,428,7
2022/12/22 23:11,5,5,0,89,1019,429,7
2022/12/22 23:27,5,5,0,89,1019,428,7
2022/12/22 23:41,5,5,0,89,1019,429,7
2022/12/22 23:56,5,5,0,89,1019,429,7
2022/12/23 0:11,4,5,0,89,1019,429,7
2022/12/23 0:26,4,4,0,89,1019,430,7
2022/12/23 0:41,5,4,0,89,1019,430,7
2022/12/23 0:56,5,4,0,89,1019,431,7
2022/12/23 1:11,5,4,0,89,1019,428,7
2022/12/23 1:26,4,4,0,89,1019,428,7
2022/12/23 1:41,4,4,0,89,1019,428,7
2022/12/23 1:56,4,4,0,89,1019,428,7
2022/12/23 2:11,4,4,0,89,1019,431,7
2022/12/23 2:26,4,4,0,89,1019,428,7
2022/12/23 2:42,4,4,0,89,1019,432,7
2022/12/23 2:56,4,4,0,89,1019,430,7
2022/12/23 3:11,4,4,0,89,1019,431,7
2022/12/23 3:26,4,4,0,89,1019,432,7
2022/12/23 3:41,4,4,0,89,1019,429,7
2022/12/23 3:57,4,4,0,89,1019,430,7
2022/12/23 4:11,4,4,0,89,1019,429,7
2022/12/23 4:26,4,4,0,89,1019,427,7
2022/12/23 4:41,4,4,0,89,1019,427,7
2022/12/23 4:56,4,4,0,89,1019,427,7
2022/12/23 5:11,4,4,0,89,1019,425,7
2022/12/23 5:26,4,4,0,89,1019,423,7
2022/12/23 5:41,3,3,0,89,1019,422,7
2022/12/23 5:56,3,3,0,89,1019,425,7
2022/12/23 6:12,3,3,0,89,1019,425,7
2022/12/23 6:26,3,3,0,89,1020,427,7
2022/12/23 6:41,3,3,0,89,1020,425,7
2022/12/23 6:56,3,3,0,89,1020,426,7
2022/12/23 7:11,3,3,0,89,1019,425,7
2022/12/23 7:26,3,3,0,89,1019,424,7
2022/12/23 7:42,3,3,0,89,1020,424,7
2022/12/23 7:56,3,3,0,89,1020,423,7
2022/12/23 8:12,3,3,0,89,1020,422,7
2022/12/23 8:27,3,3,0,90,1020,423,7
2022/12/23 8:42,3,3,0,90,1021,423,7
2022/12/23 8:56,3,3,260,90,1021,423,7
2022/12/23 9:11,4,4,330,91,1021,423,7
2022/12/23 9:26,4,4,410,92,1021,422,7
2022/12/23 9:41,4,5,510,93,1021,417,7
2022/12/23 9:56,5,6,520,91,1021,412,7
2022/12/23 10:11,5,6,490,90,1021,412,7
2022/12/23 10:26,5,7,420,89,1021,411,7
2022/12/23 10:42,6,8,300,88,1021,410,7
2022/12/23 10:57,6,9,300,87,1021,409,7
2022/12/23 11:12,7,9,310,86,1020,409,7
2022/12/23 11:26,7,10,310,85,1020,407,7
2022/12/23 11:41,7,11,310,84,1020,407,7
2022/12/23 11:56,8,11,310,82,1019,408,7
2022/12/23 12:12,8,11,470,81,1019,406,7
2022/12/23 12:27,9,12,470,80,1019,407,7
2022/12/23 12:41,9,13,460,79,1019,407,7
2022/12/23 12:56,9,13,450,76,1019,406,7
2022/12/23 13:12,10,13,450,75,1019,404,7
2022/12/23 13:26,10,14,440,74,1019,407,7
2022/12/23 13:42,10,14,430,73,1019,404,7
2022/12/23 13:57,10,14,420,73,1019,404,7
2022/12/23 14:11,10,14,400,73,1019,405,7
2022/12/23 14:27,10,14,360,73,1020,403,7
2022/12/23 14:42,10,14,330,72,1020,401,7
2022/12/23 14:57,10,13,280,72,1020,401,7
2022/12/23 15:12,10,13,220,71,1020,407,7
2022/12/23 15:27,10,12,0,72,1020,406,7
2022/12/23 15:42,9,11,0,73,1020,404,7
2022/12/23 15:57,9,10,0,76,1020,404,7
2022/12/23 16:12,9,10,0,78,1020,407,7
2022/12/23 16:27,9,9,0,80,1020,407,7
2022/12/23 16:42,8,9,0,81,1020,404,7
2022/12/23 16:57,8,8,0,82,1020,409,7
2022/12/23 17:12,8,8,0,83,1020,408,7
2022/12/23 17:27,8,8,0,84,1021,405,7
2022/12/23 17:42,7,7,0,85,1021,412,7
2022/12/23 17:57,7,7,0,85,1021,413,7
2022/12/23 18:12,7,7,0,85,1021,410,7
2022/12/23 18:27,7,7,0,86,1021,413,7
2022/12/23 18:42,7,7,0,86,1021,414,7
2022/12/23 18:57,7,6,0,86,1022,416,7
2022/12/23 19:11,7,6,0,86,1022,414,7
2022/12/23 19:27,6,6,0,87,1022,417,7
2022/12/23 19:41,6,6,0,87,1022,417,7
2022/12/23 19:57,6,6,0,87,1023,419,7
2022/12/23 20:11,6,6,0,88,1023,421,7
2022/12/23 20:27,6,6,0,88,1023,422,7
2022/12/23 20:41,6,6,0,88,1023,424,7
2022/12/23 20:56,6,6,0,88,1023,423,7
2022/12/23 21:12,6,6,0,88,1023,425,7
2022/12/23 21:27,6,6,0,88,1023,425,7
2022/12/23 21:41,6,6,0,88,1023,426,7
2022/12/23 21:57,6,5,0,88,1023,426,7
2022/12/23 22:11,6,5,0,89,1023,425,7
2022/12/23 22:26,6,5,0,89,1023,427,7
2022/12/23 22:42,5,5,0,88,1023,429,7
2022/12/23 22:57,5,5,0,88,1024,428,7
2022/12/23 23:11,5,5,0,88,1023,425,7
2022/12/23 23:26,5,5,0,88,1024,425,7
2022/12/23 23:41,5,5,0,88,1024,426,7
2022/12/23 23:56,5,5,0,88,1024,429,7
2022/12/24 0:11,5,5,0,88,1024,426,7
2022/12/24 0:26,5,5,0,89,1024,426,7
2022/12/24 0:41,5,5,0,89,1024,426,7
2022/12/24 0:56,5,4,0,89,1024,428,7
2022/12/24 1:12,5,4,0,89,1024,429,7
2022/12/24 1:27,5,4,0,89,1024,427,7
2022/12/24 1:41,5,4,0,89,1024,428,7
2022/12/24 1:57,5,4,0,89,1024,428,7
2022/12/24 2:11,5,4,0,89,1024,428,7
2022/12/24 2:26,5,4,0,89,1024,427,7
2022/12/24 2:42,4,4,0,89,1024,427,7
2022/12/24 2:57,4,4,0,89,1024,429,7
2022/12/24 3:11,4,4,0,89,1024,429,7
2022/12/24 3:26,4,4,0,89,1024,427,7
2022/12/24 3:41,4,4,0,89,1024,430,7
2022/12/24 3:56,4,4,0,90,1024,429,7
2022/12/24 4:11,4,4,0,90,1024,428,7
2022/12/24 4:26,4,4,0,90,1024,429,7
2022/12/24 4:42,4,4,0,89,1024,431,7
2022/12/24 4:56,4,4,0,89,1024,429,7
2022/12/24 5:11,4,4,0,90,1024,430,7
2022/12/24 5:26,4,4,0,90,1024,428,7
2022/12/24 5:41,4,4,0,90,1024,430,7
2022/12/24 5:56,4,4,0,90,1024,428,7
2022/12/24 6:12,4,4,0,89,1025,431,7
2022/12/24 6:26,4,4,0,90,1025,428,7
2022/12/24 6:41,4,4,0,90,1025,429,7
2022/12/24 6:56,4,4,0,90,1025,429,7
2022/12/24 7:11,4,4,0,90,1025,430,7
2022/12/24 7:26,4,4,0,90,1025,430,7
2022/12/24 7:41,4,4,0,90,1025,431,7
2022/12/24 7:56,4,4,0,90,1025,432,7
2022/12/24 8:11,4,4,0,90,1025,431,7
2022/12/24 8:26,4,4,0,90,1025,435,7
2022/12/24 8:42,4,4,0,90,1025,432,7
2022/12/24 8:56,4,4,160,90,1025,435,7
2022/12/24 9:12,4,4,290,92,1025,434,7
2022/12/24 9:26,5,5,330,94,1025,431,7
2022/12/24 9:41,5,6,360,94,1025,431,7
2022/12/24 9:57,6,7,380,94,1025,427,7
2022/12/24 10:12,6,8,380,92,1025,427,7
2022/12/24 10:26,7,9,400,90,1025,428,7
2022/12/24 10:42,7,10,380,87,1025,427,7
2022/12/24 10:56,8,11,410,85,1025,427,7
2022/12/24 11:11,8,12,410,84,1024,429,7
2022/12/24 11:27,9,13,410,82,1024,429,7
2022/12/24 11:42,9,14,410,80,1024,428,7
2022/12/24 11:57,10,14,410,79,1024,428,7
2022/12/24 12:12,10,15,410,77,1024,429,7
2022/12/24 12:27,11,15,410,76,1023,429,7
2022/12/24 12:41,11,16,410,75,1023,427,7
2022/12/24 12:57,11,16,410,74,1023,429,7
2022/12/24 13:11,12,16,400,73,1023,429,7
2022/12/24 13:27,12,16,390,73,1023,430,7
2022/12/24 13:42,12,17,380,72,1023,428,7
2022/12/24 13:56,12,17,380,72,1023,430,7
2022/12/24 14:12,12,17,350,72,1023,426,7
2022/12/24 14:27,12,17,320,72,1023,426,7
2022/12/24 14:41,12,16,280,72,1023,426,7
2022/12/24 14:56,12,16,240,72,1023,427,7
2022/12/24 15:11,12,16,0,72,1023,428,7
2022/12/24 15:27,12,15,0,73,1023,439,7
2022/12/24 15:41,11,14,0,74,1023,437,7
2022/12/24 15:57,11,13,0,76,1024,437,7
2022/12/24 16:11,11,12,0,77,1024,438,7
2022/12/24 16:27,10,12,0,79,1024,438,7
2022/12/24 16:42,10,11,0,80,1024,435,7
2022/12/24 16:57,10,10,0,81,1024,438,7
2022/12/24 17:11,9,10,0,82,1024,438,7
2022/12/24 17:27,9,10,0,82,1024,440,7
2022/12/24 17:41,9,9,0,83,1024,440,7
2022/12/24 17:57,9,9,0,84,1025,439,7
2022/12/24 18:12,8,8,0,84,1025,438,7
2022/12/24 18:27,8,8,0,85,1025,438,7
2022/12/24 18:42,8,8,0,85,1025,441,7
2022/12/24 18:57,8,8,0,86,1025,439,7
2022/12/24 19:12,8,8,0,86,1025,444,7
2022/12/24 19:26,8,8,0,87,1025,442,7
2022/12/24 19:41,8,7,0,87,1025,444,7
2022/12/24 19:56,8,7,0,87,1025,444,7
2022/12/24 20:12,7,7,0,88,1025,444,7
2022/12/24 20:26,7,7,0,88,1025,444,7
2022/12/24 20:41,7,7,0,88,1025,443,7
2022/12/24 20:57,7,7,0,88,1025,444,7
2022/12/24 21:12,7,7,0,88,1025,448,7
2022/12/24 21:26,7,7,0,88,1025,446,7
2022/12/24 21:41,7,7,0,88,1025,448,7
2022/12/24 21:56,7,7,0,89,1025,448,7
2022/12/24 22:11,7,7,0,89,1025,447,7
2022/12/24 22:26,7,6,0,89,1025,452,7
2022/12/24 22:42,7,6,0,89,1025,451,7
2022/12/24 22:56,7,6,0,89,1026,449,7
2022/12/24 23:11,7,6,0,89,1026,452,7
2022/12/24 23:26,7,6,0,89,1026,453,7
2022/12/24 23:41,7,6,0,89,1025,454,7
2022/12/24 23:56,6,6,0,89,1025,454,7
2022/12/25 0:11,7,6,0,89,1025,453,7
2022/12/25 0:26,6,6,0,89,1025,457,7
2022/12/25 0:41,6,6,0,89,1026,456,7
2022/12/25 0:57,6,6,0,89,1026,454,7
2022/12/25 1:12,6,6,0,89,1026,455,7
2022/12/25 1:26,6,6,0,89,1026,457,7
2022/12/25 1:42,6,6,0,89,1026,459,7
2022/12/25 1:56,6,6,0,89,1026,457,7
2022/12/25 2:11,6,6,0,89,1026,458,7
2022/12/25 2:26,6,6,0,89,1026,458,7
2022/12/25 2:41,6,6,0,89,1026,459,7
2022/12/25 2:57,6,6,0,89,1026,457,7
2022/12/25 3:11,6,6,0,89,1026,458,7
2022/12/25 3:26,6,6,0,89,1027,459,7
2022/12/25 3:41,5,5,0,89,1027,457,7
2022/12/25 3:56,6,5,0,89,1027,461,7
2022/12/25 4:11,6,5,0,89,1027,460,7
2022/12/25 4:27,6,5,0,89,1027,460,7
2022/12/25 4:41,5,5,0,89,1027,459,7
2022/12/25 4:56,6,5,0,89,1026,460,7
2022/12/25 5:11,5,5,0,89,1026,462,7
2022/12/25 5:27,5,5,0,89,1026,461,7
2022/12/25 5:41,5,5,0,89,1026,460,7
2022/12/25 5:57,5,5,0,89,1026,463,7
2022/12/25 6:12,5,5,0,89,1026,463,7
2022/12/25 6:26,5,5,0,89,1026,459,7
2022/12/25 6:42,5,5,0,89,1026,460,7
2022/12/25 6:57,5,5,0,89,1026,464,7
2022/12/25 7:12,5,5,0,90,1026,462,7
2022/12/25 7:27,5,5,0,89,1026,465,7
2022/12/25 7:41,5,5,0,89,1026,464,7
2022/12/25 7:56,5,5,0,90,1027,465,7
2022/12/25 8:11,5,5,50,90,1027,467,7
2022/12/25 8:26,5,5,190,90,1027,470,7
2022/12/25 8:41,5,5,320,91,1027,466,7
2022/12/25 8:56,6,6,260,92,1028,462,7
2022/12/25 9:11,6,6,290,93,1028,463,7
2022/12/25 9:27,6,7,310,94,1028,461,7
2022/12/25 9:41,7,8,340,94,1028,461,7
2022/12/25 9:56,7,9,340,93,1028,460,7
2022/12/25 10:11,8,10,350,91,1028,459,7
2022/12/25 10:27,8,11,360,88,1028,455,7
2022/12/25 10:41,9,12,370,87,1028,455,7
2022/12/25 10:56,9,13,380,86,1028,458,7
2022/12/25 11:11,10,13,390,84,1028,459,7
2022/12/25 11:27,10,14,350,83,1027,456,7
2022/12/25 11:42,11,15,360,81,1027,458,7
2022/12/25 11:56,11,15,320,80,1027,458,7
2022/12/25 12:11,11,15,340,79,1027,454,7
2022/12/25 12:26,11,16,350,78,1026,457,7
2022/12/25 12:41,12,16,300,77,1026,456,7
2022/12/25 12:56,12,16,260,76,1026,454,7
2022/12/25 13:11,12,16,200,76,1026,452,7
2022/12/25 13:27,12,16,180,75,1026,451,7
2022/12/25 13:41,12,15,190,75,1026,449,7
2022/12/25 13:57,12,15,220,76,1026,446,7
2022/12/25 14:11,12,14,220,77,1026,447,7
2022/12/25 14:26,11,14,180,77,1025,449,7
2022/12/25 14:41,11,14,190,78,1025,443,7
2022/12/25 14:57,11,14,70,78,1025,443,7
2022/12/25 15:11,11,13,100,78,1025,443,7
2022/12/25 15:27,11,13,50,78,1025,442,7
2022/12/25 15:42,11,12,0,79,1026,435,7
2022/12/25 15:57,10,11,0,81,1025,436,7
2022/12/25 16:11,10,11,0,82,1026,440,7
2022/12/25 16:27,10,10,0,83,1026,435,7
2022/12/25 16:41,10,10,0,84,1026,435,7
2022/12/25 16:57,9,10,0,85,1026,434,7
2022/12/25 17:12,9,9,0,85,1026,437,7
2022/12/25 17:27,9,9,0,86,1026,441,7
2022/12/25 17:41,9,9,0,86,1026,439,7
2022/12/25 17:57,9,9,0,87,1026,441,7
2022/12/25 18:11,9,8,0,87,1027,439,7
2022/12/25 18:27,8,8,0,87,1027,440,7
2022/12/25 18:41,8,8,0,88,1027,440,7
2022/12/25 18:56,8,8,0,88,1027,443,7
2022/12/25 19:11,8,8,0,88,1027,444,7
2022/12/25 19:26,8,8,0,88,1027,444,7
2022/12/25 19:42,8,8,0,88,1026,446,7
2022/12/25 19:57,8,8,0,88,1026,446,7
2022/12/25 20:11,8,7,0,89,1026,446,7
2022/12/25 20:26,8,7,0,89,1026,448,7
2022/12/25 20:41,8,7,0,89,1026,449,7
2022/12/25 20:57,7,7,0,89,1026,450,7
2022/12/25 21:11,7,7,0,89,1026,451,7
2022/12/25 21:27,7,7,0,89,1026,453,7
2022/12/25 21:41,7,7,0,89,1026,453,7
2022/12/25 21:57,7,7,0,89,1026,452,7
2022/12/25 22:11,7,7,0,89,1026,450,7
2022/12/25 22:26,7,7,0,89,1026,454,7
2022/12/25 22:42,7,7,0,89,1026,453,7
2022/12/25 22:57,7,7,0,89,1026,455,7
2022/12/25 23:11,7,7,0,89,1026,453,7
2022/12/25 23:26,7,6,0,89,1026,456,7
2022/12/25 23:41,7,6,0,89,1026,457,7
2022/12/25 23:56,7,7,0,90,1027,458,7
2022/12/26 0:11,6,6,0,89,1026,457,7
2022/12/26 0:27,6,6,0,89,1026,460,7
2022/12/26 0:41,6,6,0,89,1026,458,7
2022/12/26 0:57,6,6,0,89,1026,459,7
2022/12/26 1:11,6,6,0,89,1026,460,7
2022/12/26 1:26,6,6,0,89,1026,460,7
2022/12/26 1:41,6,6,0,89,1026,458,7
2022/12/26 1:56,6,6,0,89,1026,461,7
2022/12/26 2:11,6,6,0,89,1026,464,7
2022/12/26 2:26,6,6,0,89,1026,461,7
2022/12/26 2:41,6,6,0,89,1026,464,7
2022/12/26 2:57,6,6,0,89,1026,466,7
2022/12/26 3:11,6,6,0,89,1026,466,7
2022/12/26 3:26,6,6,0,89,1026,466,7
2022/12/26 3:41,6,6,0,89,1026,468,7
2022/12/26 3:56,6,6,0,89,1026,468,7
2022/12/26 4:11,6,6,0,89,1026,468,7
2022/12/26 4:27,6,6,0,90,1026,465,7
2022/12/26 4:42,6,6,0,90,1026,467,7
2022/12/26 4:56,6,6,0,90,1026,470,7
2022/12/26 5:11,5,5,0,90,1026,468,7
2022/12/26 5:26,5,5,0,90,1026,469,7
2022/12/26 5:41,5,5,0,90,1026,467,6
2022/12/26 5:56,5,5,0,90,1026,467,7
2022/12/26 6:11,5,5,0,90,1026,467,7
2022/12/26 6:26,5,5,0,90,1026,469,7
2022/12/26 6:41,5,5,0,90,1026,467,7
2022/12/26 6:57,5,5,0,90,1026,467,7
2022/12/26 7:11,5,5,0,90,1026,471,7
2022/12/26 7:26,5,5,0,90,1026,470,6
2022/12/26 7:41,5,5,0,90,1026,468,7
2022/12/26 7:57,5,5,0,90,1026,470,7
2022/12/26 8:11,5,5,0,90,1026,472,7
2022/12/26 8:26,5,5,60,90,1026,469,6
2022/12/26 8:42,5,5,130,91,1027,471,7
2022/12/26 8:56,6,6,190,92,1027,471,7
2022/12/26 9:11,6,6,220,93,1027,470,7
2022/12/26 9:26,6,7,240,94,1027,471,7
2022/12/26 9:41,7,8,260,95,1027,469,7
2022/12/26 9:56,7,9,270,94,1027,469,7
2022/12/26 10:11,8,10,290,94,1027,470,7
2022/12/26 10:27,8,11,310,93,1027,468,7
2022/12/26 10:41,9,12,320,91,1027,465,7
2022/12/26 10:56,9,13,330,88,1026,467,7
2022/12/26 11:12,10,13,340,86,1026,466,7
2022/12/26 11:27,10,14,340,85,1026,464,7
2022/12/26 11:42,11,15,340,83,1026,467,7
2022/12/26 11:57,11,15,340,82,1026,465,7
2022/12/26 12:11,11,16,340,81,1026,465,7
2022/12/26 12:27,12,16,340,80,1026,462,7
2022/12/26 12:41,12,17,350,78,1025,467,7
2022/12/26 12:57,13,17,340,77,1026,463,7
2022/12/26 13:11,13,18,330,77,1025,466,7
2022/12/26 13:27,13,18,320,76,1025,462,7
2022/12/26 13:42,13,18,310,75,1025,462,7
2022/12/26 13:56,13,18,300,74,1025,464,7
2022/12/26 14:12,13,18,280,74,1025,459,7
2022/12/26 14:27,14,18,270,73,1025,459,7
2022/12/26 14:42,14,18,240,73,1025,458,7
2022/12/26 14:57,14,18,200,73,1025,458,7
2022/12/26 15:12,13,17,140,73,1025,454,7
2022/12/26 15:27,13,16,0,73,1025,457,7
2022/12/26 15:41,13,16,0,73,1026,453,7
2022/12/26 15:57,13,15,0,76,1026,451,7
2022/12/26 16:12,12,14,0,78,1026,450,7
2022/12/26 16:27,12,13,0,79,1026,450,7
2022/12/26 16:42,12,12,0,81,1026,451,6
2022/12/26 16:57,11,12,0,82,1026,453,6
2022/12/26 17:12,11,11,0,83,1026,451,7
2022/12/26 17:27,11,11,0,84,1026,452,6
2022/12/26 17:42,10,10,0,85,1026,455,6
2022/12/26 17:57,10,10,0,85,1026,453,6
2022/12/26 18:11,10,10,0,86,1026,454,6
2022/12/26 18:27,10,9,0,87,1027,458,6
2022/12/26 18:42,10,9,0,87,1027,456,6
2022/12/26 18:57,9,9,0,87,1027,458,6
2022/12/26 19:12,9,9,0,88,1027,460,6
2022/12/26 19:27,9,9,0,88,1027,458,6
2022/12/26 19:42,9,9,0,88,1027,463,6
2022/12/26 19:57,9,8,0,88,1027,461,6
2022/12/26 20:12,9,8,0,88,1027,465,6
2022/12/26 20:27,9,8,0,88,1027,465,6
2022/12/26 20:42,9,8,0,89,1027,465,6
2022/12/26 20:57,8,8,0,89,1027,467,6
2022/12/26 21:11,8,8,0,88,1027,464,6
2022/12/26 21:27,8,8,0,88,1027,469,6
2022/12/26 21:42,8,8,0,89,1027,471,6
2022/12/26 21:57,8,8,0,89,1028,471,6
2022/12/26 22:11,8,8,0,89,1028,470,6
2022/12/26 22:27,8,7,0,89,1028,472,6
2022/12/26 22:42,8,7,0,89,1028,471,6
2022/12/26 22:56,8,7,0,89,1028,476,6
2022/12/26 23:12,7,7,0,89,1028,476,6
2022/12/26 23:26,7,7,0,89,1028,472,6
2022/12/26 23:41,7,7,0,89,1028,476,6
2022/12/26 23:57,7,7,0,89,1028,475,6
2022/12/27 0:12,7,7,0,89,1028,477,6
2022/12/27 0:26,7,7,0,89,1028,475,6
2022/12/27 0:42,7,7,0,89,1028,474,6
2022/12/27 0:57,7,7,0,89,1028,479,6
2022/12/27 1:11,7,7,0,89,1028,476,6
2022/12/27 1:26,7,6,0,89,1028,477,6
2022/12/27 1:42,7,6,0,89,1028,482,6
2022/12/27 1:56,7,6,0,89,1028,481,6
2022/12/27 2:11,7,6,0,89,1028,480,6
2022/12/27 2:26,6,6,0,89,1028,481,6
2022/12/27 2:42,6,6,0,89,1028,482,6
2022/12/27 2:56,6,6,0,89,1028,481,6
2022/12/27 3:11,6,6,0,89,1028,482,6
2022/12/27 3:26,6,6,0,89,1028,482,6
2022/12/27 3:41,6,6,0,89,1028,484,6
2022/12/27 3:56,6,6,0,89,1028,485,6
2022/12/27 4:11,6,6,0,89,1028,484,6
2022/12/27 4:26,6,6,0,89,1028,484,6
2022/12/27 4:41,6,6,0,89,1028,487,6
2022/12/27 4:56,6,6,0,89,1028,486,6
2022/12/27 5:11,6,6,0,89,1028,487,6
2022/12/27 5:26,6,5,0,90,1028,491,6
2022/12/27 5:41,6,5,0,90,1028,486,6
2022/12/27 5:57,6,5,0,90,1028,489,6
2022/12/27 6:11,6,5,0,90,1028,489,6
2022/12/27 6:27,6,5,0,90,1028,489,6
2022/12/27 6:41,5,5,0,89,1028,489,6
2022/12/27 6:56,5,5,0,90,1028,490,6
2022/12/27 7:11,5,5,0,90,1028,490,6
2022/12/27 7:26,5,5,0,90,1028,493,6
2022/12/27 7:42,5,5,0,90,1028,490,6
2022/12/27 7:56,5,5,0,90,1028,492,6
2022/12/27 8:11,5,5,10,90,1028,493,6
2022/12/27 8:26,5,5,20,91,1028,494,6
2022/12/27 8:41,5,5,40,91,1028,492,6
2022/12/27 8:57,6,6,60,92,1028,497,6
2022/12/27 9:11,6,6,80,92,1028,496,6
2022/12/27 9:27,6,7,100,93,1028,499,6
2022/12/27 9:42,6,7,110,94,1028,500,6
2022/12/27 9:56,7,8,130,94,1028,499,6
2022/12/27 10:12,7,9,140,94,1028,498,6
2022/12/27 10:27,7,9,140,94,1028,502,6
2022/12/27 10:42,8,10,140,94,1027,499,6
2022/12/27 10:57,8,11,140,93,1027,505,6
2022/12/27 11:12,8,11,150,93,1027,507,6
2022/12/27 11:26,9,12,140,92,1027,506,6
2022/12/27 11:42,9,13,150,91,1026,505,6
2022/12/27 11:57,10,13,130,91,1026,508,6
2022/12/27 12:12,10,13,100,89,1026,506,6
2022/12/27 12:27,10,13,140,86,1025,505,6
2022/12/27 12:42,10,13,40,83,1025,505,6
2022/12/27 12:57,10,13,110,82,1025,506,6
2022/12/27 13:12,10,13,80,82,1025,505,6
2022/12/27 13:27,10,13,120,82,1025,505,6
2022/12/27 13:42,10,12,110,84,1025,501,6
2022/12/27 13:57,10,12,100,85,1024,501,6
2022/12/27 14:12,10,12,90,85,1024,501,6
2022/12/27 14:27,10,12,80,85,1024,498,6
2022/12/27 14:42,10,12,40,85,1025,503,6
2022/12/27 14:56,10,12,40,83,1025,502,6
2022/12/27 15:12,10,12,30,83,1025,498,6
2022/12/27 15:27,10,12,20,83,1025,500,6
2022/12/27 15:41,10,11,10,83,1025,499,6
2022/12/27 15:56,9,11,0,83,1025,488,6
2022/12/27 16:11,9,11,0,84,1026,485,6
2022/12/27 16:27,9,10,0,85,1026,481,6
2022/12/27 16:42,9,10,0,85,1026,479,6
2022/12/27 16:57,9,9,0,86,1026,480,6
2022/12/27 17:12,9,9,0,86,1027,480,6
2022/12/27 17:27,8,9,0,87,1027,480,6
2022/12/27 17:41,8,9,0,87,1027,479,6
2022/12/27 17:57,8,8,0,88,1027,481,6
2022/12/27 18:12,8,8,0,88,1027,481,6
2022/12/27 18:27,8,8,0,88,1027,482,6
2022/12/27 18:42,8,8,0,88,1028,480,6
2022/12/27 18:57,8,8,0,88,1028,478,6
2022/12/27 19:11,7,8,0,88,1028,479,6
2022/12/27 19:27,7,7,0,89,1028,480,6
2022/12/27 19:41,7,7,0,89,1028,479,6
2022/12/27 19:57,7,7,0,89,1028,480,6
2022/12/27 20:11,7,7,0,89,1028,480,6
2022/12/27 20:27,7,7,0,89,1028,481,6
2022/12/27 20:41,7,7,0,89,1028,481,6
2022/12/27 20:56,7,7,0,89,1028,483,6
2022/12/27 21:12,7,7,0,89,1028,479,6
2022/12/27 21:27,7,7,0,89,1028,485,6
2022/12/27 21:41,7,6,0,89,1028,482,6
2022/12/27 21:56,6,6,0,89,1028,483,6
2022/12/27 22:11,6,6,0,89,1028,482,6
2022/12/27 22:27,6,6,0,89,1028,481,6
2022/12/27 22:41,6,6,0,89,1028,482,6
2022/12/27 22:57,6,6,0,89,1028,484,6
2022/12/27 23:11,6,6,0,89,1028,481,6
2022/12/27 23:27,6,6,0,89,1028,483,6
2022/12/27 23:41,6,6,0,89,1028,484,6
2022/12/27 23:56,6,6,0,90,1028,483,6
2022/12/28 0:11,6,6,0,90,1028,483,6
2022/12/28 0:26,6,6,0,90,1028,485,6
2022/12/28 0:41,6,6,0,90,1028,481,6
2022/12/28 0:56,6,6,0,90,1028,481,6
2022/12/28 1:11,6,5,0,90,1028,484,6
2022/12/28 1:26,6,5,0,90,1028,483,6
2022/12/28 1:41,6,5,0,90,1028,485,6
2022/12/28 1:57,5,5,0,90,1028,482,6
2022/12/28 2:11,5,5,0,90,1028,484,6
2022/12/28 2:26,5,5,0,90,1029,485,6
2022/12/28 2:41,5,5,0,90,1029,485,6
2022/12/28 2:56,5,5,0,90,1029,485,6
2022/12/28 3:12,5,5,0,90,1029,483,6
2022/12/28 3:27,5,5,0,90,1029,482,6
2022/12/28 3:41,5,5,0,90,1029,485,6
2022/12/28 3:56,5,5,0,90,1029,483,6
2022/12/28 4:11,5,5,0,90,1029,485,6
2022/12/28 4:26,5,5,0,90,1029,487,6
2022/12/28 4:41,5,5,0,90,1029,487,6
2022/12/28 4:56,5,5,0,90,1029,485,6
2022/12/28 5:11,5,5,0,90,1029,483,6
2022/12/28 5:26,4,5,0,90,1029,482,6
2022/12/28 5:41,5,5,0,90,1029,484,6
2022/12/28 5:56,5,5,0,90,1029,483,6
2022/12/28 6:11,5,5,0,90,1029,483,6
2022/12/28 6:27,5,5,0,90,1030,487,6
2022/12/28 6:41,5,5,0,90,1030,484,6
2022/12/28 6:56,4,5,0,90,1030,488,6
2022/12/28 7:11,4,5,0,90,1030,485,6
2022/12/28 7:27,4,4,0,90,1030,483,6
2022/12/28 7:41,4,4,0,90,1030,486,6
2022/12/28 7:56,4,4,0,90,1030,486,6
2022/12/28 8:12,4,4,0,91,1030,485,6
2022/12/28 8:27,4,4,0,91,1031,485,6
2022/12/28 8:42,5,5,0,91,1031,486,6
2022/12/28 8:57,5,5,80,92,1031,487,6
2022/12/28 9:12,5,5,110,93,1031,488,6
2022/12/28 9:27,5,6,130,94,1031,488,6
2022/12/28 9:41,5,7,140,95,1031,491,6
2022/12/28 9:56,6,8,160,95,1031,489,6
2022/12/28 10:11,6,9,180,95,1031,486,6
2022/12/28 10:27,7,9,180,95,1031,491,6
2022/12/28 10:42,7,10,200,94,1031,491,6
2022/12/28 10:57,8,11,210,94,1031,491,6
2022/12/28 11:12,8,12,220,93,1030,492,6
2022/12/28 11:27,9,12,230,92,1030,492,6
2022/12/28 11:42,9,13,230,91,1030,488,6
2022/12/28 11:56,9,14,220,90,1030,491,6
2022/12/28 12:12,10,14,220,87,1029,489,6
2022/12/28 12:26,10,14,230,85,1029,492,6
2022/12/28 12:41,10,15,220,84,1029,487,6
2022/12/28 12:56,11,15,220,82,1029,487,6
2022/12/28 13:12,11,15,220,82,1029,486,6
2022/12/28 13:27,11,16,220,81,1029,484,6
2022/12/28 13:42,12,16,210,80,1029,483,6
2022/12/28 13:56,12,16,200,80,1028,482,6
2022/12/28 14:12,12,16,200,80,1028,482,6
2022/12/28 14:26,12,16,180,79,1028,483,6
2022/12/28 14:41,12,16,150,79,1028,481,6
2022/12/28 14:57,12,16,120,78,1029,480,6
2022/12/28 15:12,12,16,80,78,1029,477,6
2022/12/28 15:27,12,15,30,76,1029,478,6
2022/12/28 15:41,11,14,0,77,1029,479,6
2022/12/28 15:57,11,14,0,79,1029,476,6
2022/12/28 16:12,11,13,0,80,1029,479,6
2022/12/28 16:27,11,13,0,81,1029,475,6
2022/12/28 16:41,10,12,0,82,1029,477,6
2022/12/28 16:57,10,11,0,82,1029,472,6
2022/12/28 17:12,10,11,0,83,1029,476,6
2022/12/28 17:27,10,10,0,84,1029,473,6
2022/12/28 17:42,9,10,0,85,1030,472,6
2022/12/28 17:57,9,9,0,86,1030,474,6
2022/12/28 18:11,9,9,0,86,1030,473,6
2022/12/28 18:27,9,9,0,87,1030,474,6
2022/12/28 18:42,9,8,0,87,1030,472,6
2022/12/28 18:56,8,8,0,88,1030,473,6
2022/12/28 19:12,8,8,0,88,1030,475,6
2022/12/28 19:26,8,8,0,88,1030,476,6
2022/12/28 19:41,8,8,0,88,1030,478,6
2022/12/28 19:57,8,8,0,88,1030,478,6
2022/12/28 20:06,8,7,0,88,1030,475,6
2022/12/28 20:17,8,7,0,88,1031,476,6
2022/12/28 20:31,8,7,0,89,1031,477,6
2022/12/28 20:47,7,7,0,89,1031,478,6
2022/12/28 21:02,7,7,0,89,1031,476,6
2022/12/28 21:20,7,7,0,89,1031,479,6
2022/12/28 21:31,7,7,0,89,1031,480,6
2022/12/28 21:46,7,7,0,89,1031,478,6
2022/12/28 22:01,7,7,0,89,1031,477,6
2022/12/28 22:17,7,6,0,89,1031,478,6
2022/12/28 22:31,7,6,0,89,1031,479,6
2022/12/28 22:46,7,6,0,89,1031,482,6
2022/12/28 23:01,6,6,0,89,1031,482,6
2022/12/28 23:16,6,6,0,90,1031,480,6
2022/12/28 23:31,6,6,0,90,1030,481,6
2022/12/28 23:47,6,6,0,90,1030,481,6
2022/12/29 0:01,6,6,0,90,1030,482,6
2022/12/29 0:16,6,6,0,90,1030,481,6
2022/12/29 0:31,6,6,0,90,1030,483,6
2022/12/29 0:46,6,6,0,90,1030,482,6
2022/12/29 1:01,6,6,0,90,1030,482,6
2022/12/29 1:16,6,6,0,90,1030,481,6
2022/12/29 1:31,6,6,0,90,1030,483,6
2022/12/29 1:46,6,6,0,90,1030,483,6
2022/12/29 2:02,6,5,0,90,1030,485,6
2022/12/29 2:16,6,5,0,90,1030,483,6
2022/12/29 2:32,6,5,0,90,1030,489,6
2022/12/29 2:46,5,5,0,90,1030,484,6
2022/12/29 3:01,5,5,0,90,1030,485,6
2022/12/29 3:16,5,5,0,90,1030,487,6
2022/12/29 3:31,5,5,0,90,1030,487,6
2022/12/29 3:46,5,5,0,90,1029,487,6
2022/12/29 4:01,5,5,0,90,1029,488,6
2022/12/29 4:16,5,5,0,90,1029,486,6
2022/12/29 4:31,5,5,0,90,1029,489,6
2022/12/29 4:46,5,5,0,90,1029,487,6
2022/12/29 5:01,5,5,0,90,1029,488,6
2022/12/29 5:16,5,5,0,90,1029,489,6
2022/12/29 5:31,5,5,0,90,1029,488,6
2022/12/29 5:46,5,5,0,90,1029,490,6
2022/12/29 6:01,5,5,0,90,1029,488,6
2022/12/29 6:16,5,5,0,90,1029,489,6
2022/12/29 6:31,5,5,0,90,1029,488,6
2022/12/29 6:47,5,5,0,90,1030,490,6
2022/12/29 7:01,5,5,0,90,1029,488,6
2022/12/29 7:16,5,5,0,90,1030,493,6
2022/12/29 7:31,4,5,0,90,1030,492,6
2022/12/29 7:46,4,5,0,90,1030,491,6
2022/12/29 8:01,4,5,0,90,1030,494,6
2022/12/29 8:16,4,5,20,91,1030,492,6
2022/12/29 8:31,4,5,70,91,1030,491,6
2022/12/29 8:46,5,5,120,92,1030,493,6
2022/12/29 9:01,5,5,140,93,1030,493,6
2022/12/29 9:16,5,6,160,94,1030,493,6
2022/12/29 9:31,6,7,180,95,1030,491,6
2022/12/29 9:46,6,8,190,95,1030,493,6
2022/12/29 10:01,7,9,210,95,1030,493,6
2022/12/29 10:17,7,10,220,95,1030,488,6
2022/12/29 10:31,7,11,240,95,1030,491,6
2022/12/29 10:47,8,12,240,94,1030,492,6
2022/12/29 11:02,9,12,240,92,1030,491,6
2022/12/29 11:17,9,13,250,90,1030,495,6
2022/12/29 11:34,9,14,250,88,1030,492,6
2022/12/29 11:47,10,14,260,87,1030,493,6
2022/12/29 12:02,10,15,250,86,1030,489,6
2022/12/29 12:16,11,15,250,84,1029,492,6
2022/12/29 12:31,11,16,240,83,1029,491,6
2022/12/29 12:46,11,16,240,82,1029,488,6
2022/12/29 13:01,12,16,260,81,1029,489,6
2022/12/29 13:16,12,17,250,80,1029,485,6
2022/12/29 13:31,12,17,250,80,1029,490,6
2022/12/29 13:46,13,17,240,78,1029,486,6
2022/12/29 14:01,13,17,230,78,1029,484,6
2022/12/29 14:16,13,17,210,77,1029,483,6
2022/12/29 14:31,13,17,190,77,1029,483,6
2022/12/29 14:46,13,17,160,77,1029,483,6
2022/12/29 15:02,13,17,120,76,1029,483,6
2022/12/29 15:17,13,16,60,76,1029,480,6
2022/12/29 15:31,12,16,0,75,1030,476,6
2022/12/29 15:47,12,15,0,77,1030,474,6
2022/12/29 16:02,12,14,0,78,1030,474,6
2022/12/29 16:16,11,13,0,79,1030,476,6
2022/12/29 16:31,11,13,0,81,1030,476,6
2022/12/29 16:47,11,12,0,82,1030,474,6
2022/12/29 17:01,11,11,0,83,1031,473,6
2022/12/29 17:16,10,11,0,84,1031,476,6
2022/12/29 17:31,10,10,0,85,1031,475,6
2022/12/29 17:46,10,10,0,86,1031,475,6
2022/12/29 18:02,9,9,0,86,1031,475,6
2022/12/29 18:16,9,9,0,87,1031,479,6
2022/12/29 18:31,9,9,0,87,1031,473,6
2022/12/29 18:46,9,9,0,88,1032,476,6
2022/12/29 19:02,9,9,0,88,1032,477,6
2022/12/29 19:16,9,8,0,88,1032,475,6
2022/12/29 19:32,8,8,0,88,1032,477,6
2022/12/29 19:46,8,8,0,88,1032,478,6
2022/12/29 20:02,8,8,0,88,1032,480,6
2022/12/29 20:16,8,8,0,88,1032,481,6
2022/12/29 20:31,8,8,0,89,1032,479,6
2022/12/29 20:46,8,8,0,89,1032,481,6
2022/12/29 21:01,8,7,0,89,1032,482,6
2022/12/29 21:16,8,7,0,89,1032,482,6
2022/12/29 21:31,8,7,0,89,1032,479,6
2022/12/29 21:46,7,7,0,89,1032,482,6
2022/12/29 22:01,7,7,0,89,1032,483,6
2022/12/29 22:16,7,7,0,89,1032,483,6
2022/12/29 22:31,7,7,0,89,1032,483,6
2022/12/29 22:46,7,7,0,89,1032,482,6
2022/12/29 23:02,7,7,0,90,1032,483,6
2022/12/29 23:16,7,7,0,90,1032,484,6
2022/12/29 23:31,7,6,0,90,1032,484,6
2022/12/29 23:47,7,6,0,89,1032,485,6
2022/12/30 0:01,7,6,0,89,1032,484,6
2022/12/30 0:16,7,6,0,90,1032,483,6
2022/12/30 0:31,6,6,0,90,1032,482,6
2022/12/30 0:46,7,6,0,90,1032,483,6
2022/12/30 1:01,7,6,0,90,1032,483,6
2022/12/30 1:16,6,6,0,90,1032,485,6
2022/12/30 1:31,6,6,0,90,1032,485,6
2022/12/30 1:46,6,6,0,90,1032,483,6
2022/12/30 2:01,6,6,0,90,1032,485,6
2022/12/30 2:16,6,6,0,90,1032,483,6
2022/12/30 2:31,6,6,0,90,1032,483,6
2022/12/30 2:46,6,6,0,90,1032,486,6
2022/12/30 3:01,6,6,0,90,1032,485,6
2022/12/30 3:16,6,6,0,90,1032,483,6
2022/12/30 3:31,6,5,0,90,1031,487,6
2022/12/30 3:46,5,5,0,90,1031,484,6
2022/12/30 4:02,5,5,0,90,1031,486,6
2022/12/30 4:16,5,5,0,90,1031,486,6
2022/12/30 4:31,5,5,0,90,1031,486,6
2022/12/30 4:46,5,5,0,90,1031,484,6
2022/12/30 5:01,5,5,0,90,1031,485,6
2022/12/30 5:16,5,5,0,90,1031,486,6
2022/12/30 5:31,5,5,0,90,1031,489,6
2022/12/30 5:46,5,5,0,90,1031,487,6
2022/12/30 6:01,5,5,0,90,1031,486,6
2022/12/30 6:16,5,5,0,90,1031,486,6
2022/12/30 6:31,5,5,0,90,1031,486,6
2022/12/30 6:46,5,5,0,90,1031,488,6
2022/12/30 7:01,5,5,0,90,1031,483,6
2022/12/30 7:16,5,5,0,90,1031,490,6
2022/12/30 7:31,5,5,0,90,1031,489,6
2022/12/30 7:46,5,5,0,90,1031,489,6
2022/12/30 8:01,5,5,0,91,1031,489,6
2022/12/30 8:17,5,5,10,91,1031,488,6
2022/12/30 8:31,5,5,40,92,1031,490,6
2022/12/30 8:46,5,5,70,92,1031,490,6
2022/12/30 9:01,5,6,90,92,1031,491,6
2022/12/30 9:16,5,6,110,93,1031,491,6
2022/12/30 9:31,6,7,130,94,1031,491,6
2022/12/30 9:46,6,8,130,94,1031,494,6
2022/12/30 10:01,7,9,150,94,1031,490,6
2022/12/30 10:16,7,9,160,94,1031,492,6
2022/12/30 10:31,7,10,160,94,1031,494,6
2022/12/30 10:47,8,11,170,94,1031,497,6
2022/12/30 11:02,8,12,180,93,1030,496,6
2022/12/30 11:16,9,12,180,93,1030,496,6
2022/12/30 11:31,9,13,180,92,1030,497,6
2022/12/30 11:46,10,13,180,91,1030,501,6
2022/12/30 12:02,10,14,180,89,1029,498,6
2022/12/30 12:17,10,15,190,88,1029,497,6
2022/12/30 12:32,11,15,180,86,1029,497,6
2022/12/30 12:46,11,15,160,85,1029,495,6
2022/12/30 13:01,11,16,190,84,1028,496,6
2022/12/30 13:16,12,16,190,83,1028,498,6
2022/12/30 13:31,12,16,200,82,1028,494,6
2022/12/30 13:46,12,17,190,81,1028,492,6
2022/12/30 14:01,12,17,180,80,1028,493,6
2022/12/30 14:17,12,17,160,80,1028,491,6
2022/12/30 14:32,12,17,140,79,1028,491,6
2022/12/30 14:46,12,16,110,78,1028,492,6
2022/12/30 15:01,12,16,80,78,1028,487,6
2022/12/30 15:16,12,15,40,77,1028,484,6
2022/12/30 15:31,12,15,10,77,1028,483,6
2022/12/30 15:47,12,14,0,77,1028,484,6
2022/12/30 16:02,11,13,0,79,1028,483,6
2022/12/30 16:16,11,13,0,81,1028,483,6
2022/12/30 16:31,11,12,0,82,1028,484,6
2022/12/30 16:47,10,12,0,83,1028,482,6
2022/12/30 17:02,10,11,0,83,1028,484,6
2022/12/30 17:16,10,11,0,84,1028,479,6
2022/12/30 17:31,10,10,0,85,1028,479,6
2022/12/30 17:46,9,10,0,86,1029,485,6
2022/12/30 18:01,9,9,0,86,1029,480,6
2022/12/30 18:16,9,9,0,87,1029,482,6
2022/12/30 18:31,9,9,0,87,1029,482,6
2022/12/30 18:46,9,9,0,88,1029,481,6
2022/12/30 19:02,9,8,0,88,1029,485,6
2022/12/30 19:16,8,8,0,88,1029,481,6
2022/12/30 19:32,8,8,0,88,1028,485,6
2022/12/30 19:46,8,8,0,89,1028,484,6
2022/12/30 20:02,8,8,0,89,1028,486,6
2022/12/30 20:16,8,8,0,89,1028,484,6
2022/12/30 20:31,8,8,0,89,1028,487,6
2022/12/30 20:47,8,7,0,89,1028,487,6
2022/12/30 21:01,8,7,0,89,1028,489,6
2022/12/30 21:16,7,7,0,89,1028,488,6
2022/12/30 21:31,7,7,0,89,1028,488,6
2022/12/30 21:46,7,7,0,90,1028,490,6
2022/12/30 22:01,7,7,0,90,1028,489,6
2022/12/30 22:16,7,7,0,90,1028,490,6
2022/12/30 22:31,7,7,0,90,1028,492,6
2022/12/30 22:46,7,7,0,90,1028,492,6
2022/12/30 23:01,7,7,0,90,1028,492,6
2022/12/30 23:17,7,7,0,90,1028,493,6
2022/12/30 23:31,7,7,0,90,1028,491,6
2022/12/30 23:46,7,6,0,90,1028,494,6
2022/12/31 0:01,7,6,0,90,1027,495,6
2022/12/31 0:16,6,6,0,90,1027,496,6
2022/12/31 0:31,6,6,0,90,1027,496,6
2022/12/31 0:46,6,6,0,90,1027,495,6
2022/12/31 1:01,6,6,0,90,1027,497,6
2022/12/31 1:16,6,6,0,90,1027,497,6
2022/12/31 1:31,6,6,0,90,1027,497,6
2022/12/31 1:46,6,6,0,90,1027,498,6
2022/12/31 2:01,6,6,0,90,1027,498,6
2022/12/31 2:16,6,6,0,90,1027,497,6
2022/12/31 2:31,6,6,0,90,1027,502,6
2022/12/31 2:46,6,6,0,90,1027,500,6
2022/12/31 3:01,6,6,0,90,1027,501,6
2022/12/31 3:16,6,6,0,90,1027,497,6
2022/12/31 3:32,6,6,0,90,1027,503,6
2022/12/31 3:46,6,6,0,90,1027,500,6
2022/12/31 4:01,6,6,0,90,1027,500,6
2022/12/31 4:16,6,6,0,90,1027,502,6
2022/12/31 4:31,6,5,0,90,1027,505,6
2022/12/31 4:46,5,5,0,90,1027,504,6
2022/12/31 5:01,5,5,0,90,1027,504,6
2022/12/31 5:16,5,5,0,90,1027,505,6
2022/12/31 5:31,5,5,0,90,1027,505,6
2022/12/31 5:46,5,5,0,90,1027,504,6
2022/12/31 6:01,5,5,0,90,1027,507,6
2022/12/31 6:16,5,5,0,90,1027,501,6
2022/12/31 6:31,5,5,0,90,1027,503,6
2022/12/31 6:46,5,5,0,90,1027,508,6
2022/12/31 7:02,5,5,0,90,1027,506,6
2022/12/31 7:16,5,5,0,90,1027,509,6
2022/12/31 7:31,5,5,0,90,1027,508,6
2022/12/31 7:47,5,5,0,90,1027,509,6
2022/12/31 8:01,5,5,10,91,1027,509,6
2022/12/31 8:16,5,5,20,91,1027,510,6
2022/12/31 8:31,5,5,40,91,1027,505,6
2022/12/31 8:46,5,5,60,92,1027,512,6
2022/12/31 9:01,5,6,80,92,1027,512,6
2022/12/31 9:16,5,6,90,93,1027,511,6
2022/12/31 9:31,6,7,110,93,1027,512,6
2022/12/31 9:46,6,7,120,94,1027,509,6
2022/12/31 10:01,6,8,130,94,1027,512,6
2022/12/31 10:16,8,11,32980,93,1027,512,6
2022/12/31 10:31,9,11,38630,56,1027,457,6
2022/12/31 10:47,9,12,38110,50,1027,457,6
2022/12/31 11:01,10,13,44060,49,1027,459,6
2022/12/31 11:16,10,12,41720,45,1027,464,6
2022/12/31 11:32,11,10,47110,46,1026,457,6
2022/12/31 11:46,11,10,43770,43,1026,455,6
2022/12/31 12:02,12,9,43800,42,1026,448,6
2022/12/31 12:16,12,10,47800,46,1026,457,6
2022/12/31 12:31,14,15,170,66,1026,467,6
2022/12/31 12:46,14,17,170,69,1025,474,6
2022/12/31 13:01,14,17,160,70,1026,479,6
2022/12/31 13:16,14,18,150,71,1025,480,6
2022/12/31 13:31,14,18,150,72,1025,484,6
2022/12/31 13:46,14,18,150,73,1025,485,6
2022/12/31 14:02,14,18,140,73,1025,485,6
2022/12/31 14:16,14,18,120,74,1025,489,6
2022/12/31 14:31,14,17,100,74,1026,487,6
2022/12/31 14:46,14,17,80,74,1025,486,6
2022/12/31 15:01,14,17,60,74,1026,493,6
2022/12/31 15:16,14,16,30,74,1026,490,6
2022/12/31 15:31,13,16,10,74,1026,488,6
2022/12/31 15:46,13,15,10,75,1026,488,6
2022/12/31 16:01,13,14,0,76,1026,492,6
2022/12/31 16:17,12,14,0,79,1026,488,6
2022/12/31 16:31,12,13,0,80,1026,493,6
2022/12/31 16:46,12,13,0,81,1026,495,6
2022/12/31 17:01,11,12,0,81,1026,496,6
2022/12/31 17:16,11,12,0,82,1027,497,6
2022/12/31 17:31,11,12,0,83,1027,494,6
2022/12/31 17:46,11,11,0,84,1027,500,6
2022/12/31 18:01,11,11,0,84,1027,497,6
2022/12/31 18:16,10,11,0,85,1027,498,6
2022/12/31 18:31,10,10,0,85,1028,499,6
2022/12/31 18:46,10,10,0,86,1028,498,6
2022/12/31 19:01,10,10,0,86,1028,500,6
2022/12/31 19:16,10,10,0,86,1028,497,6
2022/12/31 19:31,10,10,0,86,1028,499,6
2022/12/31 19:46,9,9,0,87,1028,499,6
2022/12/31 20:01,9,9,0,87,1029,501,6
2022/12/31 20:17,9,9,0,87,1029,498,6
2022/12/31 20:32,9,9,0,87,1029,498,6
2022/12/31 20:46,9,9,0,87,1029,500,6
2022/12/31 21:01,9,9,0,87,1029,499,6
2022/12/31 21:16,9,9,0,87,1029,500,6
2022/12/31 21:31,9,8,0,88,1029,502,6
2022/12/31 21:46,9,8,0,88,1030,502,6
2022/12/31 22:01,8,8,0,88,1030,499,6
2022/12/31 22:16,8,8,0,88,1030,503,6
2022/12/31 22:31,8,8,0,88,1030,502,6
2022/12/31 22:46,8,8,0,88,1030,504,6
2022/12/31 23:01,8,8,0,88,1030,502,6
2022/12/31 23:16,8,8,0,88,1030,504,6
2022/12/31 23:31,8,8,0,88,1030,500,6
2022/12/31 23:46,8,8,0,88,1030,502,6
2023/1/1 0:01,8,8,0,88,1030,500,6
2023/1/1 0:16,8,7,0,88,1030,502,6
2023/1/1 0:31,7,7,0,88,1030,504,6
2023/1/1 0:47,7,7,0,88,1030,499,6
2023/1/1 1:02,7,7,0,88,1031,504,6
2023/1/1 1:16,7,7,0,88,1030,501,6
2023/1/1 1:31,7,7,0,89,1031,504,6
2023/1/1 1:46,7,7,0,88,1031,505,6
2023/1/1 2:01,7,7,0,89,1031,503,6
2023/1/1 2:16,7,7,0,89,1031,502,6
2023/1/1 2:31,7,7,0,89,1031,504,6
2023/1/1 2:46,7,7,0,89,1031,504,6
2023/1/1 3:01,7,7,0,89,1031,503,6
2023/1/1 3:16,7,7,0,89,1031,503,6
2023/1/1 3:32,7,7,0,89,1031,503,6
2023/1/1 3:46,7,7,0,89,1031,502,6
2023/1/1 4:01,7,6,0,89,1031,501,6
2023/1/1 4:16,6,6,0,89,1031,503,6
2023/1/1 4:31,6,6,0,89,1031,504,6
2023/1/1 4:46,6,6,0,89,1031,500,6
2023/1/1 5:02,6,6,0,89,1031,505,6
2023/1/1 5:16,6,6,0,89,1031,503,6
2023/1/1 5:31,6,6,0,89,1032,503,6
2023/1/1 5:46,6,6,0,89,1032,504,6
2023/1/1 6:01,6,6,0,89,1032,503,6
2023/1/1 6:16,6,6,0,89,1032,505,6
2023/1/1 6:31,6,6,0,89,1032,502,6
2023/1/1 6:46,6,6,0,89,1032,502,6
2023/1/1 7:01,6,6,0,89,1033,504,6
2023/1/1 7:16,6,6,0,89,1033,502,6
2023/1/1 7:31,6,6,0,89,1033,502,6
2023/1/1 7:46,6,6,0,90,1033,504,6
2023/1/1 8:01,6,6,0,90,1033,505,6
2023/1/1 8:16,6,6,10,91,1033,503,6
2023/1/1 8:31,6,6,40,91,1033,504,6
2023/1/1 8:46,6,6,60,91,1034,505,6
2023/1/1 9:01,6,7,90,92,1034,506,6
2023/1/1 9:17,6,7,110,93,1034,506,6
2023/1/1 9:31,7,8,130,93,1034,509,6
2023/1/1 9:46,7,9,140,94,1034,509,6
2023/1/1 10:01,8,10,150,94,1034,509,6
2023/1/1 10:17,8,10,160,94,1034,506,6
2023/1/1 10:31,8,11,160,94,1034,512,6
2023/1/1 10:46,9,12,170,93,1034,513,6
2023/1/1 11:01,9,13,180,92,1034,512,6
2023/1/1 11:16,10,13,190,90,1034,512,6
2023/1/1 11:31,10,14,180,88,1033,513,6
2023/1/1 11:46,10,14,180,86,1033,509,6
2023/1/1 12:01,11,15,170,85,1033,510,6
2023/1/1 12:16,11,15,160,84,1033,509,6
2023/1/1 12:31,11,15,170,83,1033,508,6
2023/1/1 12:46,12,16,190,83,1033,509,6
2023/1/1 13:01,12,16,180,82,1033,507,6
2023/1/1 13:16,12,16,180,81,1032,509,6
2023/1/1 13:32,12,16,170,80,1032,510,6
2023/1/1 13:47,12,17,160,80,1032,504,6
2023/1/1 14:01,13,17,140,79,1032,506,6
2023/1/1 14:16,13,17,140,79,1032,503,6
2023/1/1 14:31,13,17,120,78,1032,504,6
2023/1/1 14:47,13,16,100,78,1032,506,6
2023/1/1 15:01,13,16,70,77,1032,503,6
2023/1/1 15:16,13,16,40,77,1031,500,6
2023/1/1 15:31,12,15,10,77,1032,501,6
2023/1/1 15:47,12,14,0,78,1032,501,6
2023/1/1 16:01,12,14,0,79,1032,496,6
2023/1/1 16:17,12,13,0,80,1032,494,6
2023/1/1 16:31,11,12,0,81,1032,492,6
2023/1/1 16:46,11,12,0,83,1032,485,6
2023/1/1 17:01,11,11,0,84,1033,487,6
2023/1/1 17:16,10,11,0,85,1033,484,6
2023/1/1 17:31,10,10,0,85,1033,485,6
2023/1/1 17:46,10,10,0,86,1034,482,6
2023/1/1 18:01,10,10,0,87,1034,490,6
2023/1/1 18:16,10,10,0,87,1034,488,6
2023/1/1 18:31,9,9,0,87,1034,487,6
2023/1/1 18:46,9,9,0,88,1034,485,6
2023/1/1 19:01,9,9,0,88,1034,487,6
2023/1/1 19:16,9,9,0,88,1034,488,6
2023/1/1 19:31,9,9,0,88,1034,490,6
2023/1/1 19:46,9,9,0,88,1034,487,6
2023/1/1 20:01,9,8,0,88,1034,488,6
2023/1/1 20:16,8,8,0,88,1035,487,6
2023/1/1 20:31,8,8,0,88,1035,488,6
2023/1/1 20:46,8,8,0,89,1035,490,6
2023/1/1 21:01,8,8,0,89,1035,493,6
2023/1/1 21:16,8,8,0,89,1035,486,6
2023/1/1 21:31,8,8,0,89,1035,488,6
2023/1/1 21:46,8,8,0,89,1035,492,6
2023/1/1 22:02,8,7,0,89,1035,491,6
2023/1/1 22:16,8,7,0,89,1035,492,6
2023/1/1 22:31,8,7,0,89,1035,492,6
2023/1/1 22:46,7,7,0,89,1035,495,6
2023/1/1 23:01,7,7,0,89,1035,494,6
2023/1/1 23:16,7,7,0,89,1035,494,6
2023/1/1 23:31,7,7,0,89,1035,492,6
2023/1/1 23:46,7,7,0,89,1035,489,6
2023/1/2 0:01,7,7,0,89,1035,493,6
2023/1/2 0:16,7,7,0,89,1035,493,6
2023/1/2 0:31,7,7,0,90,1035,492,6
2023/1/2 0:46,7,7,0,90,1035,496,6
2023/1/2 1:01,7,6,0,89,1035,493,6
2023/1/2 1:16,6,6,0,89,1035,493,6
2023/1/2 1:31,6,6,0,90,1035,495,6
2023/1/2 1:46,6,6,0,90,1036,497,6
2023/1/2 2:01,6,6,0,90,1036,494,6
2023/1/2 2:16,6,6,0,90,1036,496,6
2023/1/2 2:31,6,6,0,90,1035,498,6
2023/1/2 2:46,6,6,0,90,1035,498,6
2023/1/2 3:01,6,6,0,90,1035,498,6
2023/1/2 3:16,6,6,0,90,1035,498,6
2023/1/2 3:31,6,6,0,90,1035,498,6
2023/1/2 3:46,6,6,0,90,1034,498,6
2023/1/2 4:01,6,6,0,90,1034,496,6
2023/1/2 4:16,6,6,0,90,1034,498,6
2023/1/2 4:31,6,6,0,90,1034,498,6
2023/1/2 4:46,6,6,0,90,1034,499,6
2023/1/2 5:01,6,6,0,90,1034,497,6
2023/1/2 5:16,6,6,0,90,1034,502,6
2023/1/2 5:31,6,5,0,90,1034,502,6
2023/1/2 5:46,6,5,0,90,1034,500,6
2023/1/2 6:01,5,5,0,90,1035,498,6
2023/1/2 6:16,5,5,0,90,1035,500,6
2023/1/2 6:32,5,5,0,90,1035,497,6
2023/1/2 6:46,5,5,0,90,1035,500,6
2023/1/2 7:01,5,5,0,90,1035,501,6
2023/1/2 7:16,5,5,0,90,1035,501,6
2023/1/2 7:31,5,5,0,90,1035,501,6
2023/1/2 7:46,5,5,0,90,1035,501,6
2023/1/2 8:01,5,5,0,91,1035,501,6
2023/1/2 8:16,5,5,10,91,1035,504,6
2023/1/2 8:31,5,5,40,91,1035,501,6
2023/1/2 8:46,5,6,80,92,1035,501,6
2023/1/2 9:01,6,6,110,92,1035,500,6
2023/1/2 9:17,6,7,130,94,1036,501,6
2023/1/2 9:31,6,7,140,94,1036,503,6
2023/1/2 9:46,7,8,160,94,1036,504,6
2023/1/2 10:01,7,9,170,94,1036,502,6
2023/1/2 10:16,7,10,160,94,1036,501,6
2023/1/2 10:31,8,11,180,94,1035,505,6
2023/1/2 10:47,8,11,190,93,1035,500,6
2023/1/2 11:02,9,12,190,92,1035,502,6
2023/1/2 11:16,9,13,200,91,1034,498,6
2023/1/2 11:31,9,13,210,88,1034,504,6
2023/1/2 11:46,10,14,200,87,1034,501,6
2023/1/2 12:01,10,14,200,85,1034,501,6
2023/1/2 12:16,11,15,210,84,1033,500,6
2023/1/2 12:31,11,15,210,83,1033,497,6
2023/1/2 12:46,11,16,210,82,1033,497,6
2023/1/2 13:01,11,16,200,81,1033,498,6
2023/1/2 13:16,12,16,200,81,1032,493,6
2023/1/2 13:32,12,16,190,80,1032,495,6
2023/1/2 13:47,12,16,180,79,1032,495,6
2023/1/2 14:01,12,17,170,79,1032,493,6
2023/1/2 14:16,12,17,160,78,1032,494,6
2023/1/2 14:31,13,17,140,78,1032,492,6
2023/1/2 14:46,13,16,120,78,1032,499,6
2023/1/2 15:02,13,16,90,77,1032,494,6
2023/1/2 15:16,12,16,50,77,1032,495,6
2023/1/2 15:31,12,15,10,76,1032,490,6
2023/1/2 15:46,12,14,0,76,1032,491,6
2023/1/2 16:01,12,14,0,77,1032,487,6
2023/1/2 16:16,11,13,0,80,1032,485,6
2023/1/2 16:31,11,12,0,81,1032,485,6
2023/1/2 16:46,11,12,0,82,1032,484,6
2023/1/2 17:01,10,11,0,83,1032,473,6
2023/1/2 17:17,10,11,0,84,1032,473,6
2023/1/2 17:32,10,10,0,85,1032,469,6
2023/1/2 17:46,10,10,0,86,1032,470,6
2023/1/2 18:02,9,10,0,86,1032,470,6
2023/1/2 18:16,9,9,0,87,1032,472,6
2023/1/2 18:31,9,9,0,87,1032,471,6
2023/1/2 18:46,9,9,0,87,1032,472,6
2023/1/2 19:01,9,8,0,88,1032,472,6
2023/1/2 19:16,9,8,0,88,1032,474,6
2023/1/2 19:31,8,8,0,88,1032,475,6
2023/1/2 19:46,8,8,0,88,1032,472,6
2023/1/2 20:01,8,8,0,88,1032,472,6
2023/1/2 20:16,8,8,0,88,1032,472,6
2023/1/2 20:31,8,8,0,89,1032,472,6
2023/1/2 20:46,8,7,0,89,1032,476,6
2023/1/2 21:01,8,7,0,89,1032,474,6
2023/1/2 21:16,7,7,0,89,1032,476,6
2023/1/2 21:32,7,7,0,89,1032,475,6
2023/1/2 21:46,7,7,0,89,1032,475,6
2023/1/2 22:01,7,7,0,89,1032,477,6
2023/1/2 22:16,7,7,0,89,1032,481,6
2023/1/2 22:31,7,7,0,89,1032,478,6
2023/1/2 22:46,7,7,0,89,1032,476,6
2023/1/2 23:01,7,7,0,89,1032,475,6
2023/1/2 23:16,7,6,0,89,1032,476,6
2023/1/2 23:31,7,6,0,89,1032,480,6
2023/1/2 23:46,7,6,0,89,1032,473,6
2023/1/3 0:01,6,6,0,89,1032,477,6
2023/1/3 0:16,6,6,0,89,1031,470,6
2023/1/3 0:31,6,6,0,90,1031,482,6
2023/1/3 0:46,6,6,0,90,1031,479,6
2023/1/3 1:01,6,6,0,90,1031,475,6
2023/1/3 1:16,6,6,0,90,1031,485,6
2023/1/3 1:31,6,6,0,90,1031,475,6
2023/1/3 1:46,6,6,0,90,1031,476,6
2023/1/3 2:01,6,6,0,90,1031,483,6
2023/1/3 2:16,6,6,0,90,1031,484,6
2023/1/3 2:31,6,6,0,90,1031,475,6
2023/1/3 2:46,6,6,0,90,1031,471,6
2023/1/3 3:01,6,6,0,90,1031,484,6
2023/1/3 3:16,6,5,0,90,1031,482,6
2023/1/3 3:32,6,5,0,90,1030,484,6
2023/1/3 3:46,6,5,0,90,1030,478,6
2023/1/3 4:01,5,5,0,90,1030,474,6
2023/1/3 4:16,5,5,0,90,1030,474,5
2023/1/3 4:31,5,5,0,90,1030,479,6
2023/1/3 4:46,5,5,0,90,1030,479,6
2023/1/3 5:01,5,5,0,90,1030,486,6
2023/1/3 5:16,5,5,0,90,1030,480,6
2023/1/3 5:31,5,5,0,90,1030,479,5
2023/1/3 5:46,5,5,0,90,1030,481,6
2023/1/3 6:01,5,5,0,90,1030,480,6
2023/1/3 6:16,5,5,0,90,1030,481,6
2023/1/3 6:31,5,5,0,90,1030,482,6
2023/1/3 6:46,5,5,0,90,1030,483,5
2023/1/3 7:01,5,5,0,90,1030,480,6
2023/1/3 7:16,5,5,0,90,1030,482,6
2023/1/3 7:31,5,5,0,90,1030,483,5
2023/1/3 7:46,5,5,0,90,1030,485,6
2023/1/3 8:01,5,5,0,91,1030,481,6
2023/1/3 8:16,5,5,10,91,1030,484,6
2023/1/3 8:31,5,5,40,91,1030,482,5
2023/1/3 8:46,5,5,60,92,1030,486,5
2023/1/3 9:02,5,6,80,92,1030,484,6
2023/1/3 9:16,6,6,100,93,1030,487,6
2023/1/3 9:31,6,7,110,94,1030,488,6
2023/1/3 9:47,6,8,130,94,1030,488,6
2023/1/3 10:01,7,9,150,94,1030,489,6
2023/1/3 10:17,7,10,160,95,1030,491,6
2023/1/3 10:32,7,10,150,94,1029,492,6
2023/1/3 10:46,8,11,160,94,1029,488,6
2023/1/3 11:02,8,12,170,93,1029,492,6
2023/1/3 11:16,9,13,160,93,1029,495,6
2023/1/3 11:32,9,13,160,92,1029,494,6
2023/1/3 11:46,10,14,160,91,1028,496,6
2023/1/3 12:01,10,14,160,89,1028,496,6
2023/1/3 12:16,10,15,160,89,1028,496,6
2023/1/3 12:31,11,15,160,87,1028,494,6
2023/1/3 12:46,11,15,160,85,1028,495,6
2023/1/3 13:01,11,16,150,83,1027,496,6
2023/1/3 13:16,11,16,140,82,1027,494,6
2023/1/3 13:31,12,16,140,81,1027,496,6
2023/1/3 13:46,12,16,140,81,1027,494,6
2023/1/3 14:02,12,16,130,80,1027,495,6
2023/1/3 14:16,12,16,110,80,1027,495,6
2023/1/3 14:32,12,16,90,80,1027,492,6
2023/1/3 14:47,12,16,80,80,1027,496,6
2023/1/3 15:02,12,16,60,79,1027,490,6
2023/1/3 15:17,12,15,40,78,1027,490,6
2023/1/3 15:31,12,15,10,78,1027,487,6
2023/1/3 15:46,12,14,10,78,1027,490,6
2023/1/3 16:02,11,14,0,79,1027,487,6
2023/1/3 16:17,11,13,0,81,1027,486,6
2023/1/3 16:31,11,12,0,82,1027,484,6
2023/1/3 16:46,11,12,0,83,1027,488,6
2023/1/3 17:01,10,11,0,83,1027,478,6
2023/1/3 17:16,10,11,0,84,1028,483,6
2023/1/3 17:31,10,10,0,85,1028,471,6
2023/1/3 17:46,10,10,0,86,1028,476,6
2023/1/3 18:01,9,10,0,87,1028,474,6
2023/1/3 18:16,9,9,0,87,1028,479,6
2023/1/3 18:31,9,9,0,87,1028,476,6
2023/1/3 18:46,9,9,0,88,1028,473,5
2023/1/3 19:01,9,9,0,88,1028,477,5
2023/1/3 19:16,9,8,0,88,1028,479,6
2023/1/3 19:31,8,8,0,88,1028,476,6
2023/1/3 19:46,8,8,0,89,1028,476,5
2023/1/3 20:01,8,8,0,89,1029,468,6
2023/1/3 20:16,8,8,0,89,1029,469,6
2023/1/3 20:31,8,8,0,89,1029,481,5
2023/1/3 20:46,8,8,0,89,1029,485,6
2023/1/3 21:01,8,8,0,89,1029,483,5
2023/1/3 21:16,8,7,0,89,1029,480,5
2023/1/3 21:31,7,7,0,90,1029,485,5
2023/1/3 21:46,7,7,0,90,1029,486,5
2023/1/3 22:01,7,7,0,90,1029,487,5
2023/1/3 22:16,7,7,0,90,1029,478,6
2023/1/3 22:31,7,7,0,90,1029,480,6
2023/1/3 22:46,7,7,0,90,1029,482,6
2023/1/3 23:02,7,7,0,90,1029,481,6
2023/1/3 23:16,7,7,0,90,1029,485,5
2023/1/3 23:32,7,7,0,90,1029,486,6
2023/1/3 23:46,7,7,0,90,1029,477,6
2023/1/4 0:01,7,7,0,90,1029,481,6
2023/1/4 0:16,7,7,0,90,1029,485,5
2023/1/4 0:31,7,7,0,90,1029,483,6
2023/1/4 0:46,7,6,0,90,1029,489,5
2023/1/4 1:01,6,6,0,90,1029,481,6
2023/1/4 1:16,6,6,0,90,1029,478,6
2023/1/4 1:31,6,6,0,90,1029,486,5
2023/1/4 1:46,6,6,0,90,1029,487,6
2023/1/4 2:01,6,6,0,90,1029,483,5
2023/1/4 2:16,6,6,0,90,1029,481,6
2023/1/4 2:31,6,6,0,90,1029,484,6
2023/1/4 2:46,6,6,0,90,1029,483,5
2023/1/4 3:01,6,6,0,90,1029,485,5
2023/1/4 3:16,6,6,0,90,1029,474,5
2023/1/4 3:31,6,6,0,90,1029,488,5
2023/1/4 3:46,6,6,0,90,1029,480,5
2023/1/4 4:01,6,6,0,91,1029,484,6
2023/1/4 4:16,6,6,0,91,1028,489,5
2023/1/4 4:31,6,6,0,90,1028,487,6
2023/1/4 4:46,6,6,0,90,1028,474,6
2023/1/4 5:01,6,6,0,90,1028,484,6
2023/1/4 5:16,6,6,0,90,1028,481,5
2023/1/4 5:31,6,6,0,90,1029,477,6
2023/1/4 5:46,6,6,0,90,1029,484,5
2023/1/4 6:02,5,5,0,90,1029,483,5
2023/1/4 6:16,5,5,0,90,1029,483,6
2023/1/4 6:31,5,5,0,90,1029,481,5
2023/1/4 6:46,5,5,0,90,1029,480,5
2023/1/4 7:01,5,5,0,90,1029,484,6
2023/1/4 7:16,5,5,0,90,1029,484,5
2023/1/4 7:31,5,5,0,90,1029,481,5
2023/1/4 7:46,5,5,0,91,1030,484,5
2023/1/4 8:01,5,5,0,91,1030,482,5
2023/1/4 8:16,5,5,10,91,1030,490,5
2023/1/4 8:31,5,5,40,92,1030,485,5
2023/1/4 8:46,5,6,260,92,1030,487,6
2023/1/4 9:02,6,6,300,93,1030,487,5
2023/1/4 9:16,7,7,340,95,1030,489,6
2023/1/4 9:32,7,8,360,95,1030,488,6
2023/1/4 9:46,8,10,400,96,1030,484,6
2023/1/4 10:01,8,11,410,96,1030,485,6
2023/1/4 10:16,9,12,430,95,1030,484,6
2023/1/4 10:31,10,13,440,93,1030,483,6
2023/1/4 10:46,10,14,450,91,1030,479,6
2023/1/4 11:01,11,15,460,89,1030,478,6
2023/1/4 11:17,12,16,460,86,1030,479,6
2023/1/4 11:31,12,17,470,84,1030,477,6
2023/1/4 11:46,13,18,470,83,1029,471,6
2023/1/4 12:01,13,18,470,82,1029,471,6
2023/1/4 12:16,14,19,460,80,1029,471,6
2023/1/4 12:31,14,19,460,79,1029,466,6
2023/1/4 12:46,15,20,450,78,1029,466,6
2023/1/4 13:01,15,20,440,77,1029,465,6
2023/1/4 13:16,15,21,430,76,1028,462,6
2023/1/4 13:31,16,21,420,74,1028,458,6
2023/1/4 13:46,16,21,410,73,1028,457,6
2023/1/4 14:02,16,21,390,72,1028,457,6
2023/1/4 14:17,16,21,370,72,1028,456,6
2023/1/4 14:32,16,21,340,71,1028,451,6
2023/1/4 14:47,16,21,300,70,1028,450,6
2023/1/4 15:01,16,21,260,69,1028,449,6
2023/1/4 15:17,16,20,180,70,1028,447,6
2023/1/4 15:32,16,19,80,70,1028,448,6
2023/1/4 15:47,16,18,40,70,1028,445,6
2023/1/4 16:02,15,17,0,72,1028,449,6
2023/1/4 16:16,14,16,0,77,1028,445,6
2023/1/4 16:31,14,15,0,79,1028,445,6
2023/1/4 16:46,14,14,0,80,1028,448,6
2023/1/4 17:01,13,13,0,81,1028,448,6
2023/1/4 17:16,13,13,0,82,1028,459,6
2023/1/4 17:31,12,12,0,83,1028,463,6
2023/1/4 17:46,12,12,0,84,1028,463,6
2023/1/4 18:01,12,11,0,85,1028,460,5
2023/1/4 18:16,12,11,0,85,1028,465,5
2023/1/4 18:31,11,11,0,86,1028,463,5
2023/1/4 18:46,11,10,0,87,1028,464,6
2023/1/4 19:01,11,10,0,87,1028,466,6
2023/1/4 19:16,11,10,0,87,1028,468,5
2023/1/4 19:31,10,10,0,88,1029,469,5
2023/1/4 19:46,10,10,0,88,1029,469,6
2023/1/4 20:01,10,9,0,88,1029,473,6
2023/1/4 20:16,10,9,0,89,1029,472,6
2023/1/4 20:31,10,9,0,89,1029,475,5
2023/1/4 20:46,10,9,0,89,1029,474,5
2023/1/4 21:01,10,9,0,89,1029,477,5
2023/1/4 21:16,9,9,0,89,1029,479,6
2023/1/4 21:31,9,9,0,89,1029,478,5
2023/1/4 21:46,9,9,0,89,1029,479,6
2023/1/4 22:01,9,9,0,89,1029,484,6
2023/1/4 22:16,9,8,0,89,1029,482,6
2023/1/4 22:32,9,8,0,89,1029,484,5
2023/1/4 22:46,9,8,0,89,1029,481,5
2023/1/4 23:01,9,8,0,90,1029,486,5
2023/1/4 23:16,9,8,0,90,1029,486,6
2023/1/4 23:31,8,8,0,90,1029,487,5
2023/1/4 23:46,8,8,0,90,1029,486,5
2023/1/5 0:01,8,8,0,90,1029,489,5
2023/1/5 0:16,8,8,0,90,1029,488,6
2023/1/5 0:31,8,8,0,90,1029,491,5
2023/1/5 0:46,8,8,0,90,1029,493,5
2023/1/5 1:02,8,8,0,90,1029,493,5
2023/1/5 1:16,8,8,0,89,1029,494,5
2023/1/5 1:31,8,8,0,89,1029,492,5
2023/1/5 1:46,8,8,0,89,1029,493,5
2023/1/5 2:01,8,7,0,89,1029,494,6
2023/1/5 2:16,8,7,0,90,1029,495,5
2023/1/5 2:32,8,7,0,90,1029,497,5
2023/1/5 2:47,7,7,0,90,1029,498,5
2023/1/5 3:01,7,7,0,90,1029,500,5
2023/1/5 3:17,7,7,0,90,1028,499,5
2023/1/5 3:31,7,7,0,90,1028,496,5
2023/1/5 3:46,7,7,0,90,1028,500,5
2023/1/5 4:01,7,7,0,90,1028,499,5
2023/1/5 4:16,7,7,0,90,1028,500,5
2023/1/5 4:31,7,7,0,90,1029,505,5
2023/1/5 4:46,7,7,0,90,1028,502,5
2023/1/5 5:01,7,7,0,90,1028,503,5
2023/1/5 5:16,7,7,0,90,1028,502,5
2023/1/5 5:31,7,7,0,90,1028,502,5
2023/1/5 5:46,7,7,0,90,1028,501,5
2023/1/5 6:01,7,7,0,90,1028,503,5
2023/1/5 6:16,7,6,0,90,1028,506,5
2023/1/5 6:31,7,6,0,90,1029,503,5
2023/1/5 6:46,7,6,0,90,1029,507,5
2023/1/5 7:02,6,6,0,90,1029,511,5
2023/1/5 7:16,6,6,0,90,1029,506,5
2023/1/5 7:31,6,6,0,90,1029,504,5
2023/1/5 7:46,6,6,0,90,1029,506,5
2023/1/5 8:02,6,6,0,90,1029,498,5
2023/1/5 8:16,6,6,1070,91,1029,506,5
2023/1/5 8:31,7,7,1550,91,1029,510,5
2023/1/5 8:46,7,8,1870,91,1029,505,6
2023/1/5 9:02,9,9,1980,91,1029,504,5
2023/1/5 9:17,10,10,2060,91,1029,497,6
2023/1/5 9:32,11,11,2110,91,1029,498,6
2023/1/5 9:47,13,13,2170,90,1029,490,6
2023/1/5 10:01,15,17,34410,77,1029,489,6
2023/1/5 10:16,17,22,38160,62,1029,477,6
2023/1/5 10:31,19,26,41220,54,1029,465,6
2023/1/5 10:46,19,28,47960,58,1029,487,34
2023/1/5 11:01,18,30,47570,51,1029,471,28
2023/1/5 11:16,18,28,47070,32,1028,448,27
2023/1/5 11:31,16,22,47870,34,1028,448,26
2023/1/5 11:46,15,18,39870,37,1028,446,25
2023/1/5 12:01,14,17,39980,38,1027,442,25
2023/1/5 12:16,14,16,42290,42,1027,444,24
2023/1/5 12:31,15,17,42600,41,1027,447,24
2023/1/5 12:46,15,17,41490,43,1027,454,24
2023/1/5 13:01,15,16,42170,46,1027,455,24
2023/1/5 13:16,14,15,38180,42,1027,452,24
2023/1/5 13:31,15,15,35770,46,1027,460,23
2023/1/5 13:46,15,16,24000,42,1027,461,23
2023/1/5 14:01,15,16,23080,44,1027,463,23
2023/1/5 14:16,16,19,25060,60,1027,465,23
2023/1/5 14:31,18,21,20120,60,1026,460,23
2023/1/5 14:46,18,23,16800,57,1026,461,23
2023/1/5 15:01,19,24,12770,54,1026,457,23
2023/1/5 15:16,19,24,9670,54,1026,455,22
2023/1/5 15:31,18,22,5550,55,1026,452,22
2023/1/5 15:46,18,21,230,58,1026,446,22
2023/1/5 16:01,17,19,0,66,1026,448,22
2023/1/5 16:16,17,18,0,71,1026,452,22
2023/1/5 16:31,16,17,0,75,1026,460,22
2023/1/5 16:46,16,16,0,77,1026,463,22
2023/1/5 17:01,16,15,0,79,1026,466,22
2023/1/5 17:16,15,15,0,80,1026,467,22
2023/1/5 17:31,15,14,0,81,1026,483,22
2023/1/5 17:46,15,14,0,82,1026,482,22
2023/1/5 18:01,15,14,0,83,1026,485,22
2023/1/5 18:16,14,13,0,83,1025,488,22
2023/1/5 18:31,14,13,0,84,1026,488,21
2023/1/5 18:46,14,13,0,84,1026,494,21
2023/1/5 19:01,14,13,0,85,1025,493,21
2023/1/5 19:16,14,12,0,85,1025,496,21
2023/1/5 19:31,13,12,0,85,1025,499,21
2023/1/5 19:46,13,12,0,85,1025,501,21
2023/1/5 20:01,13,12,0,86,1025,504,21
2023/1/5 20:16,13,12,0,86,1025,507,21
2023/1/5 20:31,13,12,0,86,1025,506,21
2023/1/5 20:46,12,11,0,86,1025,511,21
2023/1/5 21:01,12,11,0,86,1025,511,21
2023/1/5 21:16,12,11,0,86,1025,515,21
2023/1/5 21:31,12,11,0,87,1025,519,21
2023/1/5 21:46,12,11,0,87,1025,511,21
2023/1/5 22:02,12,11,0,87,1025,523,21
2023/1/5 22:16,12,11,0,87,1025,519,21
2023/1/5 22:31,11,11,0,87,1025,521,21
2023/1/5 22:46,11,10,0,87,1025,519,21
2023/1/5 23:01,11,10,0,87,1025,520,21
2023/1/5 23:17,11,10,0,88,1025,530,21
2023/1/5 23:31,11,10,0,88,1025,526,21
date,,,,,,,
