27,55750,31,1025,472,16,,
21:58.9,23,28,50900,28,1025,486.0,13.0
28,33630,24,1025,488,12,,
26,27810,29,1025,477,10,,
46:59.2,23,25,0,37,1025,486.0,9.0
24,0,40,1025,487,9,,
23,0,47,1025,488,9,,
11:59.9,20,21,0,53,1025,490.0,9.0
21,0,54,1025,493,9,,
20,0,58,1026,492,9,,
37:05.5,18,19,0,60,1026,492.0,9.0
18,0,62,1026,493,9,,
17,0,64,1026,492,9,,
01:58.0,17,17,0,66,1026,493.0,9.0
16,0,66,1026,493,9,,
16,0,68,1027,492,9,,
27:04.5,16,15,0,69,1027,492.0,8.0
15,0,70,1027,491,9,,
14,0,71,1027,492,8,,
52:05.2,15,14,0,72,1027,491.0,8.0
13,0,72,1027,493,9,,
13,0,73,1027,490,8,,
16:58.3,14,13,0,74,1027,490.0,8.0
13,0,74,1027,491,8,,
12,0,75,1027,492,8,,
42:10.9,13,12,0,75,1028,490.0,8.0
12,0,75,1028,490,8,,
11,0,76,1028,488,8,,
07:17.0,13,11,0,77,1028,489.0,8.0
11,0,77,1028,490,8,,
11,0,77,1028,488,8,,
31:58.2,12,11,0,78,1029,489.0,8.0
11,0,78,1029,488,8,,
10,0,79,1029,487,8,,
57:04.6,12,10,0,79,1029,489.0,8.0
10,0,79,1029,491,8,,
10,0,79,1029,490,8,,
22:04.7,11,10,0,80,1029,491.0,8.0
10,0,80,1029,490,8,,
10,0,80,1029,490,8,,
47:01.1,11,10,0,80,1029,492.0,8.0
9,0,81,1029,492,8,,
9,0,81,1030,493,8,,
12:03.0,11,9,0,81,1030,494.0,8.0
9,0,81,1030,492,8,,
9,0,82,1030,494,8,,
37:08.1,10,9,0,82,1030,493.0,8.0
9,0,82,1030,492,8,,
9,0,82,1030,497,8,,
01:57.4,10,9,0,82,1030,495.0,8.0
9,0,82,1030,495,8,,
9,0,82,1030,496,8,,
27:01.7,10,9,0,82,1030,496.0,8.0
9,0,82,1031,498,8,,
9,0,82,1031,497,8,,
52:00.5,9,8,0,83,1031,499.0,8.0
8,0,83,1031,498,8,,
8,0,83,1031,497,8,,
16:58.2,9,8,0,83,1031,498.0,8.0
8,0,83,1031,494,8,,
8,0,83,1031,499,8,,
41:58.1,9,8,0,83,1031,499.0,8.0
8,0,83,1032,497,8,,
8,0,83,1032,502,8,,
07:11.9,9,8,0,83,1032,499.0,8.0
8,0,84,1032,500,8,,
8,0,84,1032,500,8,,
31:55.1,9,8,0,84,1032,501.0,8.0
8,0,84,1032,498,8,,
8,0,84,1032,499,8,,
56:59.3,8,8,0,84,1032,503.0,8.0
8,0,84,1032,502,8,,
7,0,84,1032,502,8,,
21:54.6,8,7,0,84,1032,500.0,8.0
7,0,84,1032,504,8,,
7,0,84,1032,501,8,,
47:03.5,8,7,0,84,1032,504.0,8.0
7,0,84,1032,504,8,,
7,0,84,1032,503,8,,
12:05.5,8,7,0,85,1032,502.0,8.0
7,0,85,1032,504,8,,
7,0,85,1032,505,8,,
37:01.6,7,7,0,85,1032,501.0,8.0
7,0,85,1032,501,8,,
7,0,85,1032,504,8,,
01:53.7,7,7,0,85,1032,501.0,8.0
7,0,85,1032,503,8,,
7,0,85,1032,504,8,,
26:55.7,7,6,0,85,1032,508.0,8.0
6,0,85,1032,503,8,,
6,0,85,1033,503,8,,
52:05.1,7,6,0,85,1032,505.0,8.0
6,0,86,1033,503,8,,
6,0,85,1032,503,8,,
16:53.4,7,6,0,85,1032,501.0,8.0
6,0,85,1032,503,8,,
6,0,85,1032,505,8,,
41:57.3,7,6,0,85,1032,506.0,8.0
6,0,86,1032,507,8,,
6,0,86,1032,504,8,,
07:05.6,7,6,0,86,1032,506.0,8.0
6,0,86,1032,507,8,,
6,0,86,1032,505,8,,
31:51.9,6,6,0,86,1032,508.0,8.0
6,0,86,1032,507,8,,
6,0,86,1032,508,8,,
57:06.3,6,6,0,86,1032,510.0,8.0
6,0,86,1033,508,8,,
6,0,86,1033,512,8,,
21:58.6,6,6,0,86,1033,508.0,8.0
6,0,86,1033,510,8,,
6,0,86,1033,509,8,,
46:53.1,6,6,0,86,1033,509.0,8.0
6,0,87,1033,511,8,,
6,0,87,1033,507,8,,
11:58.0,6,6,0,86,1033,512.0,8.0
6,0,86,1033,510,8,,
6,0,86,1033,511,8,,
36:53.6,6,5,0,86,1033,509.0,8.0
5,0,86,1033,514,8,,
5,0,86,1033,510,8,,
01:55.1,6,5,0,87,1033,515.0,8.0
5,0,87,1033,513,8,,
5,0,87,1033,515,8,,
26:55.7,6,5,0,87,1033,515.0,8.0
5,0,87,1033,513,8,,
5,0,87,1033,510,8,,
51:57.9,5,5,0,87,1033,512.0,8.0
5,0,87,1033,514,8,,
5,0,87,1033,513,8,,
16:56.5,5,5,0,87,1033,514.0,8.0
5,0,87,1033,513,8,,
5,0,87,1033,513,8,,
42:03.7,5,5,0,87,1033,514.0,8.0
5,0,87,1033,513,8,,
5,0,87,1033,513,8,,
07:07.4,5,5,0,87,1034,516.0,8.0
5,0,87,1034,517,8,,
5,0,88,1034,516,8,,
31:55.9,6,5,0,88,1034,518.0,8.0
5,0,88,1034,517,8,,
6,0,88,1034,517,8,,
57:03.1,6,6,0,89,1034,516.0,8.0
6,0,89,1034,517,8,,
6,0,90,1034,519,8,,
21:58.8,6,6,0,90,1034,520.0,8.0
7,0,90,1034,521,8,,
7,0,89,1034,523,8,,
46:56.0,6,7,0,89,1034,522.0,8.0
7,0,89,1034,522,8,,
7,0,89,1034,525,8,,
11:59.7,7,8,370,89,1034,523.0,8.0
8,490,90,1034,523,8,,
8,510,92,1033,523,8,,
37:06.5,7,9,510,94,1033,521.0,8.0
10,480,94,1033,522,8,,
11,480,93,1033,522,8,,
01:56.6,9,12,510,90,1033,519.0,8.0
12,500,89,1033,521,8,,
13,490,88,1033,520,8,,
27:02.2,10,14,480,86,1033,518.0,8.0
14,500,86,1033,518,8,,
15,500,84,1033,522,8,,
51:58.0,11,16,510,82,1033,521.0,8.0
16,500,82,1032,523,8,,
16,500,81,1032,520,8,,
16:59.4,12,17,500,79,1032,520.0,8.0
17,470,78,1032,521,8,,
18,490,77,1032,521,8,,
41:59.2,13,18,440,76,1031,517.0,8.0
18,490,75,1031,518,8,,
19,490,74,1031,518,8,,
07:10.6,13,19,490,73,1031,514.0,8.0
19,480,73,1031,515,8,,
19,470,72,1031,514,8,,
31:59.5,14,20,480,71,1030,518.0,8.0
20,470,71,1030,515,8,,
20,450,70,1030,501,8,,
57:00.1,14,20,370,68,1030,486.0,8.0
20,320,68,1030,485,8,,
20,290,66,1030,490,8,,
22:00.5,14,20,260,65,1030,487.0,8.0
19,180,66,1030,488,8,,
19,180,65,1030,484,8,,
46:57.3,14,18,0,66,1030,481.0,8.0
18,0,64,1030,481,8,,
17,0,67,1030,479,8,,
12:02.0,13,16,0,70,1030,479.0,8.0
16,0,72,1030,478,8,,
15,0,74,1030,473,8,,
37:05.2,13,15,0,75,1030,477.0,8.0
14,0,75,1030,478,8,,
14,0,76,1030,479,8,,
01:59.9,12,13,0,77,1030,479.0,8.0
13,0,78,1030,475,8,,
12,0,79,1029,473,8,,
27:02.9,12,12,0,79,1030,475.0,8.0
12,0,80,1029,478,8,,
12,0,80,1029,473,8,,
51:59.8,11,11,0,80,1030,475.0,8.0
11,0,80,1030,475,8,,
11,0,81,1030,473,8,,
17:03.9,11,11,0,82,1030,473.0,8.0
11,0,82,1030,474,8,,
10,0,83,1030,473,8,,
42:00.9,10,10,0,83,1030,470.0,8.0
10,0,83,1030,471,8,,
10,0,84,1030,475,8,,
07:18.4,10,10,0,84,1030,477.0,8.0
10,0,84,1030,473,8,,
10,0,85,1030,476,8,,
31:59.6,10,9,0,85,1030,477.0,8.0
9,0,85,1030,476,8,,
9,0,85,1030,476,8,,
57:11.1,10,9,0,86,1030,477.0,8.0
9,0,86,1030,479,8,,
9,0,86,1030,479,8,,
22:01.8,9,9,0,86,1030,478.0,8.0
9,0,86,1030,478,8,,
9,0,86,1030,479,8,,
46:59.6,9,9,0,86,1030,481.0,8.0
9,0,86,1030,477,8,,
9,0,86,1030,479,8,,
12:04.1,9,9,0,86,1030,480.0,8.0
9,0,86,1030,477,8,,
9,0,87,1030,482,8,,
37:05.9,9,9,0,87,1030,480.0,8.0
9,0,87,1030,480,8,,
9,0,87,1030,484,8,,
02:04.9,9,9,0,87,1030,482.0,8.0
9,0,87,1030,483,8,,
8,0,87,1030,485,8,,
26:57.9,8,8,0,87,1030,482.0,8.0
8,0,87,1030,483,8,,
8,0,87,1030,480,8,,
52:08.1,8,8,0,87,1030,483.0,8.0
8,0,87,1030,480,8,,
8,0,87,1030,483,8,,
16:54.3,8,8,0,87,1030,482.0,8.0
8,0,87,1030,484,8,,
8,0,87,1030,484,8,,
41:57.7,8,8,0,87,1030,483.0,8.0
8,0,87,1030,486,8,,
8,0,87,1030,483,8,,
07:04.6,8,8,0,87,1030,483.0,8.0
8,0,87,1030,485,8,,
8,0,87,1030,487,8,,
31:55.7,8,8,0,86,1029,482.0,8.0
8,0,86,1029,485,8,,
8,0,86,1029,484,8,,
56:59.9,8,8,0,86,1029,481.0,8.0
8,0,86,1029,482,8,,
7,0,86,1029,482,8,,
21:55.7,7,7,0,86,1029,487.0,8.0
7,0,86,1029,482,8,,
7,0,87,1029,484,8,,
46:54.6,7,7,0,87,1029,481.0,8.0
7,0,87,1029,480,8,,
7,0,87,1028,481,8,,
11:56.4,7,7,0,87,1028,482.0,8.0
7,0,87,1028,482,8,,
7,0,87,1028,482,8,,
37:00.1,7,7,0,87,1028,481.0,8.0
7,0,87,1028,483,8,,
7,0,87,1028,485,8,,
01:53.6,7,7,0,87,1028,483.0,8.0
7,0,87,1028,484,8,,
7,0,87,1028,481,8,,
27:00.4,7,7,0,87,1028,483.0,8.0
7,0,87,1028,483,8,,
7,0,87,1028,481,8,,
51:55.7,7,7,0,87,1028,483.0,8.0
7,0,87,1028,483,8,,
6,0,87,1028,486,8,,
16:54.9,7,6,0,87,1028,483.0,8.0
6,0,87,1029,484,8,,
6,0,88,1029,484,8,,
41:57.3,7,6,0,88,1029,483.0,8.0
6,0,88,1029,486,8,,
6,0,88,1029,479,8,,
07:05.6,7,6,0,88,1029,481.0,8.0
6,0,88,1029,482,8,,
6,0,89,1029,478,8,,
31:54.6,7,6,0,89,1029,479.0,8.0
6,0,89,1029,480,8,,
6,0,89,1029,479,8,,
57:01.7,7,6,0,89,1028,480.0,8.0
6,0,89,1029,482,8,,
6,0,89,1029,478,8,,
21:59.6,7,6,0,89,1029,482.0,8.0
6,0,88,1029,478,8,,
6,0,89,1029,481,8,,
46:56.4,6,6,0,88,1029,476.0,8.0
6,0,88,1029,480,8,,
6,0,89,1029,477,8,,
11:57.3,6,6,0,89,1029,477.0,8.0
6,0,88,1029,478,8,,
6,0,88,1029,476,8,,
36:58.6,6,6,0,88,1029,475.0,8.0
6,0,88,1029,473,8,,
6,0,88,1029,472,8,,
01:54.1,6,6,0,88,1029,473.0,8.0
6,0,88,1029,473,8,,
6,0,88,1029,471,8,,
26:57.7,6,6,0,88,1029,470.0,8.0
6,0,88,1029,471,8,,
6,0,88,1029,471,8,,
52:01.3,6,6,0,88,1029,472.0,8.0
6,0,88,1029,473,8,,
6,0,89,1029,472,8,,
16:53.3,6,6,0,89,1029,468.0,8.0
6,0,89,1029,471,8,,
6,400,89,1029,469,8,,
42:01.6,7,6,670,89,1029,474.0,8.0
7,670,89,1029,470,8,,
7,560,90,1029,473,8,,
07:10.6,8,7,670,90,1029,468.0,8.0
7,400,90,1029,469,8,,
8,680,90,1029,466,8,,
31:58.6,9,8,580,89,1029,463.0,8.0
9,630,89,1029,461,8,,
9,720,88,1029,461,8,,
56:59.4,10,9,840,88,1029,456.0,8.0
10,670,88,1029,456,8,,
10,820,88,1029,453,8,,
22:01.5,11,11,930,88,1029,455.0,8.0
11,890,88,1029,451,8,,
12,980,87,1029,449,8,,
46:58.3,12,13,990,86,1028,449.0,8.0
14,990,85,1028,445,8,,
14,810,83,1028,446,8,,
12:00.3,13,15,980,79,1028,442.0,8.0
15,990,79,1028,441,8,,
16,250,78,1027,443,8,,
37:20.6,14,16,0,75,1027,444.0,8.0
16,0,73,1027,446,8,,
16,0,72,1027,447,8,,
01:58.8,13,15,0,72,1027,446.0,8.0
15,0,72,1027,444,8,,
14,0,74,1026,445,8,,
27:05.5,12,14,0,75,1026,446.0,8.0
13,0,75,1026,446,8,,
13,0,76,1026,447,8,,
52:00.8,11,12,0,77,1026,447.0,8.0
12,40,78,1026,445,8,,
12,2490,80,1025,446,8,,
17:00.7,15,13,2350,81,1025,443.0,8.0
14,1650,80,1025,444,8,,
15,2160,76,1025,443,8,,
42:01.5,17,15,2320,75,1025,438.0,8.0
16,2280,74,1025,439,8,,
17,2260,73,1025,435,8,,
07:23.7,19,17,2320,72,1025,428.0,8.0
18,540,71,1025,427,8,,
18,2070,67,1025,425,8,,
32:01.6,18,18,1910,66,1025,422.0,8.0
18,2200,66,1025,420,8,,
18,1630,66,1025,419,8,,
57:06.4,18,18,1960,65,1025,416.0,8.0
18,1840,64,1025,414,8,,
18,1730,64,1025,413,8,,
22:03.1,17,18,1500,63,1025,409.0,8.0
18,1330,62,1025,409,8,,
17,0,60,1025,405,8,,
47:00.4,15,16,0,64,1025,413.0,8.0
16,0,66,1026,410,8,,
15,0,69,1026,415,8,,
12:14.3,14,14,0,72,1026,415.0,8.0
13,0,73,1026,418,8,,
13,0,75,1026,417,8,,
37:04.3,13,12,0,76,1026,419.0,8.0
12,0,77,1026,421,8,,
11,0,79,1026,420,8,,
01:59.1,12,11,0,80,1026,416.0,8.0
11,0,80,1026,419,8,,
11,0,81,1026,420,8,,
22:11.0,12,10,0,81,1026,417.0,8.0
10,0,82,1026,423,8,,
10,0,82,1026,423,8,,
46:58.1,11,10,0,83,1026,426.0,8.0
10,0,83,1026,423,8,,
9,0,83,1026,423,8,,
12:01.3,11,9,0,83,1026,426.0,8.0
9,0,84,1026,426,8,,
9,0,84,1026,427,8,,
37:05.6,10,9,0,84,1026,428.0,8.0
9,0,85,1026,431,8,,
9,0,85,1026,425,8,,
01:56.9,10,9,0,85,1026,438.0,8.0
9,0,85,1026,431,8,,
9,0,86,1026,428,8,,
27:00.6,10,8,0,86,1026,432.0,8.0
8,0,86,1026,428,8,,
8,0,86,1026,430,8,,
52:02.6,10,8,0,86,1026,434.0,8.0
8,0,85,1026,431,8,,
8,0,85,1026,432,8,,
16:58.3,9,8,0,85,1026,430.0,8.0
8,0,85,1026,434,8,,
8,0,86,1026,439,8,,
42:03.3,9,8,0,86,1026,436.0,8.0
8,0,86,1026,436,8,,
8,0,86,1025,438,8,,
07:07.9,8,8,0,86,1025,439.0,8.0
7,0,86,1025,444,8,,
7,0,86,1025,438,8,,
31:59.6,8,7,0,86,1025,440.0,8.0
7,0,86,1025,440,8,,
7,0,86,1025,441,8,,
57:01.1,8,7,0,86,1025,442.0,8.0
7,0,86,1025,444,8,,
7,0,86,1025,442,8,,
21:59.8,8,7,0,86,1025,444.0,8.0
7,0,86,1025,446,8,,
7,0,86,1025,446,8,,
46:55.2,7,7,0,86,1025,447.0,8.0
7,0,86,1025,443,8,,
7,0,86,1025,446,8,,
11:57.7,7,7,0,87,1025,447.0,8.0
7,0,87,1025,447,8,,
6,0,87,1025,446,8,,
37:02.5,7,6,0,87,1024,449.0,8.0
6,0,87,1025,451,8,,
6,0,87,1025,446,8,,
01:56.9,7,6,0,87,1025,448.0,8.0
6,0,88,1025,450,8,,
6,0,88,1025,448,8,,
26:57.2,7,6,0,88,1025,451.0,8.0
6,0,88,1025,452,8,,
6,0,88,1025,450,8,,
51:52.7,7,6,0,88,1025,450.0,8.0
6,0,88,1025,449,8,,
6,0,88,1025,450,8,,
16:56.8,7,6,0,88,1025,450.0,8.0
6,0,88,1025,450,8,,
6,0,88,1025,451,8,,
42:02.9,7,6,0,88,1025,449.0,8.0
6,0,88,1025,450,8,,
6,0,88,1025,451,8,,
07:01.8,7,6,0,88,1025,452.0,8.0
6,0,88,1025,450,8,,
6,0,88,1025,451,8,,
31:57.3,6,6,0,88,1025,451.0,8.0
6,0,88,1025,451,8,,
6,0,88,1025,454,8,,
57:00.3,6,6,0,88,1025,453.0,8.0
6,0,88,1025,450,8,,
6,0,88,1025,452,8,,
22:00.2,6,6,0,88,1025,450.0,8.0
6,0,88,1025,453,8,,
6,0,88,1025,451,8,,
46:56.1,6,6,0,88,1025,453.0,8.0
6,0,88,1025,454,8,,
6,0,88,1025,452,8,,
11:57.2,6,6,0,88,1024,452.0,8.0
6,0,88,1024,452,8,,
6,0,88,1024,454,8,,
37:02.1,6,6,0,88,1024,454.0,8.0
6,0,88,1024,453,8,,
6,0,88,1024,453,8,,
01:52.3,6,6,0,88,1024,453.0,8.0
6,0,88,1024,451,8,,
6,0,88,1024,452,8,,
26:57.5,6,6,0,88,1024,454.0,8.0
6,0,87,1024,453,8,,
6,0,87,1024,452,8,,
51:56.4,6,5,0,87,1024,454.0,8.0
5,0,87,1024,451,8,,
5,0,88,1024,454,8,,
16:56.0,6,5,0,88,1024,454.0,8.0
5,0,88,1024,452,8,,
5,0,88,1024,453,8,,
41:59.2,5,5,0,88,1024,452.0,8.0
5,0,88,1024,455,8,,
5,0,88,1024,455,8,,
07:06.6,5,5,0,88,1024,456.0,8.0
5,0,88,1024,455,8,,
5,0,88,1024,455,8,,
31:52.5,5,5,0,88,1024,459.0,8.0
5,0,88,1024,455,8,,
5,0,88,1024,453,8,,
57:00.2,5,5,0,88,1024,456.0,8.0
5,0,89,1024,457,8,,
5,0,89,1024,455,8,,
21:57.0,5,5,0,90,1024,455.0,8.0
5,2700,90,1024,457,8,,
6,3320,90,1025,457,8,,
47:40.7,7,7,3560,90,1025,456.0,8.0
7,3500,90,1024,457,8,,
8,3270,90,1024,455,8,,
12:10.9,10,9,3070,90,1024,454.0,8.0
10,3050,89,1024,456,8,,
11,450,87,1024,454,8,,
37:01.0,11,12,460,86,1024,465.0,8.0
12,460,86,1024,471,8,,
13,480,85,1024,480,8,,
01:56.5,11,13,490,85,1024,484.0,8.0
13,510,84,1024,474,8,,
14,520,83,1024,471,8,,
27:01.7,12,14,470,82,1024,471.0,8.0
14,530,82,1024,470,8,,
15,540,81,1024,468,8,,
51:57.6,13,15,500,80,1023,467.0,8.0
16,540,80,1023,467,8,,
16,440,79,1023,461,8,,
16:57.9,13,16,550,78,1023,460.0,8.0
16,570,76,1023,458,8,,
17,620,76,1023,459,8,,
42:00.6,13,17,150,73,1023,461.0,8.0
17,150,72,1023,457,8,,
16,570,71,1022,453,8,,
07:07.5,13,16,510,73,1022,455.0,8.0
16,570,73,1022,452,8,,
16,570,75,1022,455,8,,
31:58.8,14,17,590,75,1022,449.0,8.0
17,440,75,1022,451,8,,
17,520,74,1022,449,8,,
57:03.2,14,17,580,72,1022,447.0,8.0
17,530,72,1022,445,8,,
18,520,72,1022,443,8,,
22:00.6,14,18,540,72,1022,443.0,8.0
18,580,72,1022,441,8,,
18,540,72,1021,442,8,,
46:58.1,15,18,440,72,1021,442.0,8.0
18,310,72,1021,438,8,,
18,260,70,1021,440,8,,
12:00.2,15,18,480,71,1021,437.0,8.0
18,110,71,1021,435,8,,
18,470,71,1021,433,8,,
37:05.9,15,18,440,72,1021,433.0,8.0
18,430,72,1021,433,8,,
18,390,71,1021,429,8,,
01:59.7,15,18,350,71,1021,432.0,8.0
18,320,70,1021,431,8,,
17,230,70,1021,426,8,,
27:02.6,15,17,120,69,1021,426.0,8.0
17,0,69,1021,425,8,,
16,0,71,1021,432,8,,
52:02.7,14,15,0,73,1021,426.0,8.0
15,0,74,1021,424,8,,
14,0,75,1021,428,8,,
16:59.8,13,14,0,76,1021,429.0,8.0
14,0,77,1021,427,8,,
13,0,78,1021,429,8,,
42:01.5,13,13,0,78,1021,431.0,8.0
12,0,79,1021,432,8,,
12,0,80,1021,429,8,,
07:12.7,12,12,0,81,1021,429.0,8.0
11,0,81,1021,429,8,,
11,0,82,1021,430,8,,
31:57.1,12,11,0,82,1022,429.0,8.0
11,0,82,1022,431,8,,
10,0,83,1022,432,8,,
57:06.9,11,10,0,83,1022,428.0,8.0
10,0,84,1022,434,8,,
10,0,84,1022,437,8,,
21:56.2,11,10,0,85,1022,434.0,8.0
9,0,85,1022,434,8,,
9,0,85,1022,432,8,,
46:55.8,10,9,0,85,1022,438.0,8.0
9,0,86,1022,436,8,,
9,0,86,1022,439,8,,
12:03.1,10,9,0,86,1022,438.0,8.0
9,0,86,1022,440,8,,
9,0,86,1022,439,8,,
37:02.0,10,9,0,86,1022,442.0,8.0
8,0,86,1022,441,8,,
8,0,86,1022,442,8,,
01:58.7,9,8,0,86,1022,441.0,8.0
8,0,86,1022,445,8,,
8,0,87,1022,445,8,,
27:00.5,9,8,0,87,1022,445.0,8.0
8,0,87,1022,444,8,,
8,0,87,1022,446,8,,
51:57.9,9,8,0,87,1022,448.0,8.0
8,0,87,1022,448,8,,
8,0,87,1022,451,8,,
16:56.6,9,8,0,87,1022,451.0,8.0
8,0,87,1022,450,8,,
8,0,87,1022,449,8,,
41:55.5,8,8,0,87,1022,453.0,8.0
8,0,87,1022,454,8,,
7,0,87,1022,454,8,,
07:03.3,8,7,0,87,1022,453.0,8.0
7,0,87,1022,454,8,,
7,0,87,1022,457,8,,
31:55.0,8,7,0,87,1021,454.0,8.0
7,0,87,1021,459,8,,
7,0,87,1021,456,8,,
56:59.9,8,7,0,88,1021,457.0,8.0
7,0,87,1021,458,8,,
7,0,88,1021,460,8,,
21:57.5,8,7,0,87,1021,460.0,8.0
7,0,87,1021,461,8,,
7,0,87,1021,457,8,,
46:57.8,8,7,0,88,1021,461.0,8.0
7,0,88,1021,463,8,,
7,0,88,1021,461,8,,
11:57.4,7,7,0,88,1021,462.0,8.0
7,0,88,1021,464,8,,
7,0,88,1021,462,8,,
37:00.6,7,7,0,88,1021,463.0,8.0
7,0,88,1021,463,8,,
7,0,88,1021,465,8,,
01:59.9,7,7,0,88,1021,464.0,8.0
6,0,88,1022,462,8,,
6,0,88,1022,466,8,,
27:00.4,7,6,0,88,1022,466.0,8.0
6,0,88,1022,466,8,,
6,0,88,1022,467,8,,
51:57.4,7,6,0,88,1022,466.0,8.0
6,0,88,1022,465,8,,
6,0,88,1022,466,8,,
17:00.3,7,6,0,88,1022,468.0,8.0
6,0,88,1022,465,8,,
6,0,88,1022,465,8,,
41:58.7,7,6,0,88,1022,470.0,8.0
6,0,88,1022,468,8,,
6,0,88,1022,470,8,,
07:03.6,6,6,0,88,1022,470.0,8.0
6,0,88,1022,469,8,,
6,0,88,1022,471,8,,
31:53.2,6,6,0,88,1022,468.0,8.0
6,0,88,1022,473,8,,
6,0,88,1022,471,8,,
56:59.2,6,6,0,88,1022,469.0,8.0
6,0,88,1022,469,8,,
6,0,88,1022,472,8,,
22:02.9,6,6,0,88,1022,468.0,8.0
6,0,88,1022,470,8,,
6,0,88,1022,467,8,,
46:53.6,6,6,0,88,1022,472.0,8.0
6,0,88,1022,468,8,,
6,0,88,1022,470,8,,
11:59.8,6,6,0,89,1022,470.0,8.0
6,0,89,1022,471,8,,
6,0,88,1022,468,8,,
36:59.9,6,6,0,88,1022,471.0,8.0
5,0,88,1022,471,8,,
5,0,88,1023,473,8,,
01:52.7,6,5,0,88,1023,472.0,8.0
5,0,88,1023,470,8,,
5,0,88,1023,470,8,,
27:05.6,5,5,0,88,1023,468.0,8.0
5,0,88,1023,471,8,,
5,0,88,1023,472,8,,
51:55.3,5,5,0,88,1023,470.0,8.0
5,0,88,1023,472,8,,
5,0,89,1023,473,8,,
16:55.5,5,5,0,89,1023,471.0,8.0
5,0,89,1023,471,8,,
5,0,89,1023,473,8,,
42:00.9,5,5,0,89,1023,473.0,7.0
5,0,89,1024,473,7,,
5,0,89,1024,473,8,,
07:04.5,5,5,0,90,1024,473.0,8.0
5,0,90,1024,476,8,,
5,0,90,1024,476,8,,
31:56.9,6,5,160,91,1024,473.0,8.0
5,190,91,1024,473,8,,
6,260,91,1025,481,8,,
57:01.7,7,6,290,92,1025,480.0,8.0
6,300,92,1025,485,8,,
7,320,93,1025,485,8,,
21:56.1,7,7,340,94,1025,486.0,8.0
8,350,94,1025,482,8,,
9,370,94,1025,486,8,,
46:57.3,8,9,380,95,1025,485.0,8.0
10,390,95,1025,483,8,,
11,410,94,1025,483,8,,
12:00.6,9,11,410,94,1025,483.0,8.0
12,420,93,1025,483,8,,
12,430,92,1025,484,8,,
37:03.5,10,13,440,90,1025,479.0,8.0
14,440,89,1025,482,8,,
14,440,88,1025,480,8,,
01:59.5,11,15,450,86,1025,480.0,8.0
15,450,85,1025,477,8,,
16,460,84,1025,479,8,,
27:03.8,12,16,460,82,1025,476.0,8.0
17,460,82,1025,477,8,,
17,470,81,1025,475,8,,
51:59.7,13,18,460,80,1024,475.0,8.0
18,460,80,1024,477,8,,
18,460,79,1024,477,8,,
16:57.5,13,19,460,77,1024,475.0,8.0
19,460,77,1024,474,8,,
19,460,76,1024,476,8,,
41:59.2,14,20,460,76,1024,472.0,8.0
20,460,75,1024,469,8,,
20,450,74,1024,470,8,,
07:06.6,15,20,430,74,1024,472.0,8.0
20,430,73,1024,471,8,,
21,420,72,1024,470,8,,
31:56.7,15,21,420,72,1024,470.0,8.0
21,420,71,1024,467,8,,
21,410,70,1024,465,8,,
57:02.3,16,21,400,70,1024,466.0,8.0
21,390,70,1024,466,8,,
21,380,69,1024,463,8,,
21:58.4,16,21,360,68,1024,466.0,8.0
21,340,68,1024,464,8,,
21,320,68,1024,460,8,,
46:57.2,16,21,290,67,1024,462.0,8.0
21,280,67,1024,461,8,,
20,230,67,1024,460,8,,
12:02.4,16,20,180,67,1024,457.0,8.0
20,150,67,1024,458,8,,
19,0,67,1024,457,8,,
37:06.3,15,18,0,68,1024,458.0,7.0
18,0,68,1024,457,7,,
17,0,71,1024,458,7,,
01:55.6,14,16,0,73,1024,457.0,7.0
16,0,74,1024,457,7,,
15,0,76,1024,458,7,,
27:05.9,14,15,0,77,1024,455.0,7.0
15,0,77,1024,460,7,,
14,0,78,1024,459,7,,
52:00.4,13,14,0,79,1024,457.0,7.0
13,0,79,1024,456,7,,
13,0,80,1024,458,7,,
16:57.5,13,13,0,80,1024,461.0,7.0
12,0,81,1024,458,7,,
12,0,81,1024,458,7,,
41:59.6,12,12,0,82,1025,461.0,7.0
12,0,82,1025,460,7,,
11,0,83,1025,461,7,,
07:10.1,11,11,0,83,1025,462.0,7.0
11,0,84,1025,462,7,,
11,0,84,1025,461,7,,
31:56.8,11,11,0,85,1025,461.0,7.0
10,0,85,1025,464,7,,
10,0,85,1025,461,7,,
57:05.7,11,10,0,85,1025,466.0,7.0
10,0,86,1025,465,7,,
10,0,86,1025,469,7,,
21:55.8,10,10,0,86,1025,465.0,7.0
10,0,86,1025,468,7,,
10,0,86,1025,468,7,,
46:57.8,10,9,0,86,1025,472.0,7.0
9,0,86,1025,468,7,,
9,0,87,1025,472,7,,
11:58.9,10,9,0,87,1025,471.0,7.0
9,0,87,1025,468,7,,
9,0,87,1025,473,7,,
37:00.7,10,9,0,87,1025,475.0,7.0
9,0,87,1025,475,7,,
9,0,87,1025,472,7,,
01:56.2,9,9,0,87,1025,475.0,7.0
9,0,87,1025,476,7,,
9,0,87,1025,478,7,,
27:04.5,9,8,0,87,1025,476.0,7.0
8,0,87,1025,476,7,,
8,0,87,1025,476,7,,
52:00.1,9,8,0,87,1025,478.0,7.0
8,0,87,1025,478,7,,
8,0,87,1025,478,7,,
16:56.5,9,8,0,87,1025,479.0,7.0
8,0,87,1025,481,7,,
8,0,87,1026,479,7,,
41:59.8,8,8,0,88,1026,481.0,7.0
8,0,88,1026,483,7,,
8,0,88,1026,481,7,,
07:04.4,8,8,0,88,1025,481.0,7.0
8,0,88,1025,485,7,,
8,0,88,1025,484,7,,
32:01.7,8,8,0,88,1026,484.0,7.0
8,0,88,1025,484,7,,
8,0,88,1026,484,7,,
57:00.8,8,7,0,88,1026,485.0,7.0
7,0,88,1025,486,7,,
7,0,88,1025,485,7,,
21:58.4,8,7,0,88,1025,484.0,7.0
7,0,88,1025,486,7,,
7,0,88,1025,487,7,,
46:54.4,8,7,0,88,1025,486.0,7.0
7,0,88,1025,489,7,,
7,0,88,1025,488,7,,
11:59.7,7,7,0,88,1025,488.0,7.0
7,0,88,1025,488,7,,
7,0,88,1025,491,7,,
37:00.2,7,7,0,88,1025,487.0,7.0
7,0,88,1025,488,7,,
7,0,88,1025,488,7,,
01:52.3,7,7,0,88,1025,491.0,7.0
7,0,88,1025,491,7,,
7,0,88,1025,492,7,,
26:58.0,7,7,0,88,1025,493.0,7.0
7,0,88,1025,490,7,,
7,0,88,1025,494,7,,
51:55.6,7,7,0,88,1025,492.0,7.0
7,0,88,1025,490,7,,
7,0,89,1024,490,7,,
16:54.6,7,7,0,88,1024,493.0,7.0
7,0,89,1024,491,7,,
6,0,89,1024,491,7,,
41:57.4,7,6,0,89,1024,494.0,7.0
6,0,89,1024,494,7,,
6,0,89,1024,493,7,,
07:05.1,7,6,0,89,1024,494.0,7.0
6,0,89,1024,495,7,,
6,0,89,1024,499,7,,
31:53.6,6,6,0,89,1024,493.0,7.0
6,0,89,1024,496,7,,
6,0,89,1024,496,7,,
56:56.2,6,6,0,89,1024,495.0,7.0
6,0,89,1024,494,7,,
6,0,89,1024,494,7,,
21:57.7,6,6,0,89,1024,495.0,7.0
6,0,89,1024,496,7,,
6,0,89,1024,497,7,,
46:53.5,6,6,0,89,1024,498.0,7.0
6,0,89,1024,496,7,,
6,0,89,1024,495,7,,
11:58.1,6,6,0,89,1024,497.0,7.0
6,0,89,1024,495,7,,
6,0,89,1024,497,7,,
36:56.6,6,6,0,89,1024,496.0,7.0
6,0,89,1024,498,7,,
6,0,89,1024,496,7,,
01:57.8,6,6,0,89,1024,496.0,7.0
6,0,89,1024,499,7,,
6,0,89,1024,496,7,,
27:01.3,6,6,0,89,1024,496.0,7.0
6,0,89,1024,494,7,,
6,0,89,1023,497,7,,
51:49.3,6,6,0,89,1023,495.0,7.0
6,0,89,1023,495,7,,
6,0,90,1023,498,7,,
16:57.0,6,6,0,90,1023,495.0,7.0
6,0,90,1023,496,7,,
6,0,90,1024,496,7,,
42:02.1,6,6,90,90,1023,500.0,7.0
6,110,90,1023,498,7,,
6,130,90,1024,498,7,,
07:07.1,6,6,130,90,1023,497.0,7.0
6,130,91,1023,497,7,,
7,160,91,1023,498,7,,
31:58.2,6,7,180,91,1023,497.0,7.0
7,180,91,1023,496,7,,
7,180,91,1023,493,7,,
56:59.8,7,7,160,92,1023,492.0,7.0
7,160,92,1023,495,7,,
8,180,92,1023,496,7,,
21:59.7,7,8,220,92,1023,493.0,7.0
8,220,91,1023,492,7,,
8,240,91,1022,492,7,,
46:58.4,7,8,260,91,1022,491.0,7.0
9,250,92,1022,489,7,,
9,230,92,1022,489,7,,
12:01.7,8,9,190,92,1021,488.0,7.0
9,190,91,1021,485,7,,
9,230,91,1021,485,7,,
37:01.6,8,9,160,90,1021,484.0,7.0
10,110,89,1021,487,7,,
10,130,87,1020,486,7,,
01:57.2,8,10,170,86,1020,484.0,7.0
10,190,86,1020,482,7,,
10,180,87,1020,484,7,,
27:02.9,8,10,140,87,1019,479.0,7.0
10,150,87,1019,478,7,,
10,170,86,1019,478,7,,
52:00.8,8,10,160,87,1019,480.0,7.0
10,140,87,1019,480,7,,
10,120,86,1019,478,7,,
16:58.3,8,10,110,86,1018,478.0,7.0
10,110,86,1018,478,7,,
10,120,85,1018,480,7,,
42:03.2,8,10,130,86,1018,477.0,7.0
10,100,86,1018,474,7,,
9,80,86,1018,477,7,,
07:11.5,8,9,100,86,1017,475.0,7.0
9,90,86,1017,474,7,,
9,90,86,1017,473,7,,
32:00.5,8,9,70,86,1017,479.0,7.0
9,80,86,1017,463,7,,
9,40,86,1017,463,7,,
57:03.6,8,9,50,86,1016,466.0,7.0
9,40,86,1016,461,7,,
9,40,86,1016,464,7,,
22:00.5,8,9,30,87,1016,464.0,7.0
9,40,87,1016,461,7,,
9,0,87,1015,462,7,,
47:00.0,8,9,0,87,1015,462.0,7.0
9,0,87,1015,464,7,,
9,0,88,1015,463,7,,
12:00.4,8,9,0,88,1015,464.0,7.0
8,0,88,1015,468,7,,
8,0,88,1015,465,7,,
37:15.8,8,8,0,88,1015,465.0,7.0
8,0,88,1015,462,7,,
8,0,88,1015,462,7,,
01:56.1,8,8,0,88,1015,466.0,7.0
8,0,88,1015,464,7,,
8,0,88,1014,466,7,,
27:00.3,8,8,0,88,1014,466.0,7.0
8,0,88,1014,464,7,,
8,0,88,1014,466,7,,
51:59.8,7,8,0,88,1015,465.0,7.0
8,0,88,1014,468,7,,
8,0,88,1014,468,7,,
17:01.2,7,8,0,88,1014,469.0,7.0
8,0,89,1014,466,7,,
8,0,89,1014,469,7,,
42:08.7,7,8,0,89,1014,465.0,7.0
8,0,89,1014,470,7,,
8,0,89,1014,467,7,,
07:09.9,7,8,0,89,1014,468.0,7.0
8,0,89,1014,467,7,,
8,0,89,1014,470,7,,
32:00.0,7,8,0,89,1014,468.0,7.0
8,0,89,1014,468,7,,
8,0,89,1014,468,7,,
57:01.3,7,8,0,89,1014,468.0,7.0
7,0,89,1014,466,7,,
7,0,89,1014,470,7,,
21:58.9,7,7,0,89,1014,468.0,7.0
7,0,89,1013,467,7,,
7,0,89,1014,469,7,,
46:58.7,7,7,0,89,1014,472.0,7.0
7,0,89,1013,468,7,,
7,0,89,1014,468,7,,
11:58.7,7,7,0,89,1014,471.0,7.0
7,0,89,1014,471,7,,
7,0,89,1013,470,7,,
36:58.7,7,7,0,89,1013,471.0,7.0
7,0,89,1013,470,7,,
7,0,89,1013,472,7,,
01:54.3,7,7,0,89,1013,470.0,7.0
7,0,89,1013,473,7,,
7,0,89,1013,475,7,,
26:57.9,7,7,0,89,1013,469.0,7.0
7,0,89,1013,472,7,,
7,0,89,1013,471,7,,
51:58.0,7,7,0,89,1013,474.0,7.0
7,0,89,1012,472,7,,
7,0,89,1012,473,7,,
16:58.2,7,7,0,89,1012,474.0,7.0
7,0,89,1012,474,7,,
7,0,89,1012,474,7,,
42:01.3,7,7,0,89,1012,475.0,7.0
7,0,89,1012,473,7,,
7,0,90,1012,474,7,,
07:04.2,6,7,0,90,1012,477.0,7.0
7,0,90,1012,477,7,,
7,0,90,1012,474,7,,
31:55.1,6,7,0,90,1012,476.0,7.0
7,0,90,1011,475,7,,
7,0,90,1011,474,7,,
56:57.3,6,7,0,89,1011,475.0,7.0
7,0,89,1011,477,7,,
7,0,89,1011,475,7,,
21:56.2,6,7,0,89,1011,475.0,7.0
7,0,89,1011,474,7,,
6,0,89,1011,476,7,,
46:53.3,6,6,0,89,1011,477.0,7.0
6,0,89,1011,475,7,,
6,0,89,1011,477,7,,
11:57.6,6,6,0,89,1011,479.0,7.0
6,0,89,1011,482,7,,
6,0,89,1011,479,7,,
36:58.5,6,6,0,89,1011,479.0,7.0
6,0,89,1011,481,7,,
6,0,89,1011,479,7,,
01:56.2,6,6,0,89,1011,475.0,7.0
6,0,89,1011,476,7,,
6,0,89,1011,475,7,,
26:58.7,6,6,0,89,1011,482.0,7.0
6,0,89,1011,478,7,,
6,0,90,1010,478,7,,
51:57.3,6,6,0,90,1010,458.0,7.0
6,0,90,1010,482,7,,
6,0,90,1010,477,7,,
16:55.8,6,6,0,90,1010,478.0,7.0
6,0,90,1010,476,7,,
6,0,90,1010,490,7,,
41:57.5,6,6,0,90,1010,462.0,7.0
6,0,90,1010,486,7,,
6,0,90,1010,485,7,,
07:02.5,6,6,0,90,1010,476.0,7.0
6,0,90,1010,476,7,,
6,0,90,1010,478,7,,
31:55.2,6,6,0,90,1010,476.0,7.0
6,0,90,1010,477,7,,
6,0,90,1010,480,7,,
56:57.4,6,6,0,90,1010,487.0,7.0
6,0,90,1010,488,7,,
6,0,90,1010,477,7,,
21:55.8,6,6,0,90,1010,479.0,7.0
6,0,90,1010,479,7,,
6,0,90,1010,480,7,,
46:54.2,6,6,0,90,1010,483.0,7.0
6,0,90,1010,487,7,,
6,0,90,1010,480,7,,
12:01.1,6,6,0,90,1011,475.0,7.0
6,0,90,1011,480,7,,
6,0,90,1011,474,7,,
37:02.6,6,6,0,90,1011,475.0,7.0
6,0,90,1011,468,7,,
6,0,90,1011,474,7,,
01:57.4,6,6,0,90,1011,474.0,7.0
6,0,90,1011,479,7,,
6,0,90,1012,471,7,,
27:00.3,6,6,0,90,1012,474.0,7.0
6,0,90,1012,465,7,,
6,0,91,1012,479,7,,
51:58.4,6,6,120,91,1012,473.0,7.0
6,130,91,1012,465,7,,
6,150,91,1012,466,7,,
16:56.9,6,6,110,92,1012,468.0,7.0
7,110,92,1012,468,7,,
7,130,93,1012,463,7,,
42:02.8,6,7,160,93,1012,466.0,7.0
7,170,93,1012,467,7,,
8,180,93,1012,458,7,,
07:08.3,7,8,190,93,1012,465.0,7.0
8,200,93,1012,464,7,,
9,210,93,1012,462,7,,
31:56.9,7,9,210,93,1012,462.0,7.0
9,210,93,1012,451,7,,
10,210,92,1012,462,7,,
57:00.4,8,10,220,91,1012,460.0,7.0
11,230,91,1012,460,7,,
11,220,90,1012,453,7,,
21:55.6,9,11,230,89,1012,453.0,7.0
12,230,88,1012,457,7,,
12,230,87,1012,466,7,,
46:55.0,9,12,230,87,1012,448.0,7.0
12,230,87,1012,459,7,,
13,230,86,1012,449,7,,
11:59.0,10,13,230,85,1012,456.0,7.0
13,230,85,1012,456,7,,
13,230,84,1012,452,7,,
37:02.0,10,14,230,84,1012,455.0,7.0
14,230,83,1012,453,7,,
14,220,82,1012,452,7,,
02:02.3,10,14,210,82,1012,454.0,7.0
14,210,82,1012,449,7,,
14,220,81,1012,449,7,,
27:00.4,11,14,220,81,1012,454.0,7.0
14,220,80,1012,449,7,,
15,210,80,1012,447,7,,
52:03.1,11,15,210,80,1012,444.0,7.0
15,210,79,1012,450,7,,
15,190,79,1012,448,7,,
16:59.3,11,15,180,79,1012,447.0,7.0
15,180,79,1012,441,7,,
15,160,78,1012,450,7,,
42:05.6,11,15,140,78,1012,451.0,7.0
15,130,78,1012,442,7,,
14,100,78,1012,446,7,,
07:13.4,11,14,80,78,1012,445.0,7.0
14,60,77,1012,438,7,,
14,30,77,1012,445,7,,
31:57.9,11,13,0,78,1012,440.0,7.0
13,0,78,1012,439,7,,
13,0,79,1012,439,7,,
57:06.7,10,12,0,80,1013,447.0,7.0
12,0,80,1013,436,7,,
12,0,80,1013,442,7,,
21:58.1,10,11,0,81,1013,435.0,7.0
11,0,81,1013,435,7,,
11,0,82,1013,430,7,,
46:56.4,9,10,0,83,1013,434.0,7.0
10,0,83,1013,442,7,,
10,0,84,1014,436,7,,
11:58.6,9,9,0,85,1014,437.0,7.0
9,0,85,1014,439,7,,
9,0,86,1014,432,7,,
37:02.5,9,9,0,86,1014,448.0,7.0
9,0,86,1014,443,7,,
9,0,86,1015,435,7,,
02:06.8,9,9,0,87,1015,440.0,7.0
9,0,87,1015,441,7,,
8,0,87,1015,442,7,,
26:59.2,8,8,0,87,1015,432.0,7.0
8,0,87,1015,445,7,,
8,0,88,1015,440,7,,
52:07.3,8,8,0,88,1015,450.0,7.0
8,0,88,1015,445,7,,
8,0,88,1015,438,7,,
16:56.4,8,8,0,88,1015,443.0,7.0
8,0,88,1015,445,7,,
8,0,88,1015,443,7,,
41:59.7,8,7,0,88,1015,448.0,7.0
7,0,88,1015,441,7,,
7,0,88,1015,441,7,,
07:03.9,7,7,0,88,1016,445.0,7.0
7,0,89,1016,449,7,,
7,0,89,1016,450,7,,
31:57.0,7,7,0,88,1016,449.0,7.0
7,0,88,1016,443,7,,
7,0,88,1016,447,7,,
56:56.9,7,7,0,88,1016,444.0,7.0
7,0,88,1016,445,7,,
7,0,88,1016,443,7,,
21:54.5,7,7,0,88,1016,453.0,7.0
7,0,88,1016,445,7,,
7,0,89,1016,449,7,,
46:53.0,7,7,0,89,1016,453.0,7.0
7,0,89,1016,450,7,,
7,0,89,1016,450,7,,
11:58.5,7,7,0,89,1016,446.0,7.0
6,0,89,1016,452,7,,
6,0,89,1016,447,7,,
36:58.8,7,6,0,89,1016,446.0,7.0
6,0,89,1016,457,7,,
6,0,89,1016,444,7,,
01:55.2,7,6,0,89,1016,451.0,7.0
6,0,89,1016,446,7,,
6,0,89,1016,440,7,,
26:56.9,6,6,0,89,1016,457.0,7.0
6,0,89,1016,445,7,,
6,0,89,1016,450,7,,
46:55.5,7,6,0,89,1016,444.0,7.0
6,0,89,1016,452,7,,
6,0,89,1016,447,7,,
11:57.0,7,6,0,90,1016,449.0,7.0
6,0,89,1016,451,7,,
6,0,89,1016,444,7,,
36:53.1,6,6,0,89,1016,442.0,7.0
6,0,89,1016,453,7,,
6,0,89,1016,448,7,,
01:51.4,6,6,0,89,1016,449.0,7.0
6,0,89,1016,449,7,,
6,0,89,1016,443,7,,
26:57.6,6,6,0,89,1016,452.0,7.0
6,0,89,1017,451,7,,
6,0,89,1017,453,7,,
51:59.0,6,6,0,89,1017,447.0,7.0
6,0,89,1017,447,7,,
6,0,89,1017,456,7,,
16:53.2,6,6,0,89,1017,446.0,7.0
6,0,89,1017,457,7,,
6,0,89,1017,458,7,,
41:55.8,6,6,0,89,1017,446.0,7.0
6,0,89,1017,454,7,,
6,0,89,1016,454,7,,
07:03.6,6,5,0,89,1016,454.0,7.0
5,0,89,1016,454,7,,
5,0,89,1016,462,7,,
31:52.3,6,5,0,89,1016,459.0,7.0
5,0,89,1016,459,7,,
5,0,89,1016,450,7,,
56:57.7,5,5,0,89,1016,435.0,7.0
5,0,89,1016,452,7,,
5,0,89,1016,459,7,,
21:52.6,5,5,0,90,1016,455.0,7.0
5,0,90,1016,454,7,,
5,0,90,1016,455,7,,
46:54.8,5,5,0,90,1016,457.0,7.0
5,0,90,1016,451,7,,
5,0,90,1016,453,7,,
11:56.4,5,5,0,90,1016,456.0,7.0
5,0,90,1016,457,7,,
5,0,90,1016,452,7,,
36:58.2,5,5,0,90,1016,449.0,7.0
5,0,90,1016,451,7,,
5,0,90,1016,450,7,,
01:51.7,5,5,0,90,1016,456.0,7.0
5,0,90,1016,452,7,,
5,0,90,1016,449,7,,
26:59.4,5,5,0,90,1016,453.0,7.0
5,0,90,1016,451,7,,
5,0,90,1016,449,7,,
52:04.6,5,5,0,90,1016,444.0,7.0
5,0,90,1016,447,7,,
5,0,90,1016,442,7,,
16:55.2,5,5,0,90,1016,450.0,7.0
5,0,90,1016,456,7,,
5,0,90,1016,441,7,,
41:58.2,5,5,0,90,1016,444.0,7.0
5,0,90,1016,444,7,,
5,0,90,1017,441,7,,
07:07.0,5,5,0,90,1017,446.0,7.0
5,0,90,1017,448,7,,
5,0,91,1017,449,7,,
31:52.0,5,5,0,91,1017,448.0,7.0
5,0,91,1017,448,7,,
5,0,91,1017,445,7,,
57:07.2,5,5,210,91,1017,446.0,7.0
5,230,91,1017,448,7,,
5,260,92,1017,444,7,,
21:53.9,6,6,280,93,1017,446.0,7.0
6,280,93,1017,443,7,,
7,290,94,1017,441,7,,
46:53.9,6,7,290,94,1017,440.0,7.0
7,290,94,1017,442,7,,
8,290,94,1017,437,7,,
11:59.5,7,8,300,93,1016,437.0,7.0
9,300,92,1016,438,7,,
9,310,91,1016,437,7,,
37:02.2,7,10,320,90,1016,436.0,7.0
10,320,89,1016,439,7,,
12,48970,84,1016,435,7,,
02:01.0,8,10,54870,32,1016,411.0,7.0
6,53070,37,1016,403,7,,
0,54420,41,1016,411,7,,
27:00.3,5,6553,50730,41,1016,423.0,7.0
6553,56950,44,1016,435,7,,
6553,56860,41,1016,440,7,,
51:56.4,5,6553,40190,44,1016,438.0,7.0
6554,35920,41,1016,434,7,,
6553,56520,39,1016,434,7,,
16:58.0,5,6552,60410,37,1016,442.0,7.0
6553,57180,41,1016,439,7,,
6553,29680,38,1015,440,7,,
42:00.1,5,6552,53410,37,1015,445.0,7.0
6552,51830,37,1015,452,7,,
6551,13670,41,1015,451,7,,
07:05.6,5,6552,43180,38,1015,448.0,7.0
6552,44110,37,1015,449,7,,
6552,37120,39,1016,451,7,,
31:55.7,6,1,15510,65,1016,425.0,7.0
2,15440,69,1016,416,7,,
4,0,76,1016,409,7,,
57:01.3,7,5,0,79,1016,408.0,7.0
5,0,80,1016,411,7,,
6,0,80,1016,410,7,,
21:57.9,7,7,0,81,1016,410.0,7.0
7,0,81,1016,411,7,,
7,0,82,1016,415,7,,
46:55.6,7,7,0,82,1016,419.0,7.0
7,0,82,1016,416,7,,
7,0,82,1016,410,7,,
11:59.1,7,7,0,82,1017,412.0,7.0
7,0,82,1017,415,7,,
7,0,83,1017,415,7,,
37:02.3,7,7,0,83,1017,416.0,7.0
7,0,83,1017,414,7,,
7,0,83,1017,418,7,,
01:55.7,7,7,0,83,1017,414.0,7.0
7,0,83,1017,416,7,,
7,0,84,1017,419,7,,
27:01.9,6,7,0,84,1017,416.0,7.0
6,0,84,1017,419,7,,
6,0,84,1017,420,7,,
52:02.0,6,6,0,85,1017,420.0,7.0
6,0,85,1017,420,7,,
6,0,85,1017,422,7,,
16:56.7,6,6,0,86,1018,422.0,7.0
6,0,86,1018,420,7,,
6,0,86,1018,423,7,,
41:59.9,6,6,0,86,1018,420.0,7.0
6,0,86,1018,422,7,,
6,0,86,1018,420,7,,
07:07.7,6,6,0,86,1018,424.0,7.0
6,0,86,1018,423,7,,
6,0,87,1018,421,7,,
31:57.8,6,6,0,87,1018,419.0,7.0
6,0,87,1018,423,7,,
6,0,87,1018,421,7,,
57:02.0,6,6,0,87,1018,420.0,7.0
6,0,87,1018,424,7,,
5,0,87,1018,422,7,,
21:57.5,6,5,0,87,1018,422.0,7.0
5,0,87,1018,427,7,,
5,0,87,1018,423,7,,
46:55.6,5,5,0,87,1018,422.0,7.0
5,0,87,1018,424,7,,
5,0,87,1019,423,7,,
11:58.5,5,5,0,88,1019,423.0,7.0
5,0,88,1019,422,7,,
5,0,88,1019,423,7,,
36:59.0,5,5,0,88,1019,427.0,7.0
5,0,88,1019,425,7,,
5,0,88,1019,424,7,,
01:56.4,5,5,0,88,1019,427.0,7.0
5,0,88,1019,425,7,,
5,0,88,1019,425,7,,
27:00.4,5,5,0,88,1019,426.0,7.0
5,0,88,1019,427,7,,
5,0,88,1019,425,7,,
51:58.8,5,5,0,88,1019,423.0,7.0
5,0,88,1019,425,7,,
5,0,88,1019,424,7,,
16:56.4,5,5,0,88,1019,427.0,7.0
5,0,88,1019,427,7,,
5,0,88,1019,428,7,,
41:59.1,5,5,0,88,1019,425.0,7.0
5,0,88,1019,430,7,,
5,0,89,1019,428,7,,
07:07.3,5,5,0,89,1019,430.0,7.0
5,0,89,1019,429,7,,
5,0,89,1019,430,7,,
31:57.2,5,5,0,89,1019,430.0,7.0
5,0,89,1019,432,7,,
5,0,89,1019,429,7,,
56:56.3,5,5,0,89,1019,429.0,7.0
5,0,89,1019,427,7,,
5,0,89,1019,429,7,,
22:02.2,4,4,0,89,1019,431.0,7.0
4,0,89,1019,430,7,,
4,0,89,1019,431,7,,
46:54.8,5,4,0,89,1019,427.0,7.0
4,0,89,1019,431,7,,
4,0,89,1019,430,7,,
11:57.4,5,4,0,89,1019,428.0,7.0
4,0,89,1019,430,7,,
4,0,89,1019,428,7,,
36:56.1,4,4,0,89,1019,430.0,7.0
4,0,89,1019,428,7,,
4,0,89,1019,428,7,,
02:02.9,4,4,0,89,1019,426.0,7.0
4,0,89,1019,424,7,,
4,0,89,1019,430,7,,
26:59.2,4,4,0,89,1019,428.0,7.0
4,0,89,1019,426,7,,
4,0,89,1019,432,7,,
51:54.2,4,4,0,89,1019,429.0,7.0
4,0,89,1019,430,7,,
4,0,89,1019,429,7,,
16:53.2,4,4,0,89,1019,429.0,7.0
4,0,89,1019,428,7,,
4,0,89,1019,429,7,,
41:55.7,4,4,0,89,1019,429.0,7.0
4,0,89,1019,428,7,,
4,0,89,1019,430,7,,
07:13.4,4,4,0,89,1019,426.0,7.0
4,0,89,1019,429,7,,
4,0,89,1019,429,7,,
31:52.4,4,4,0,89,1019,426.0,7.0
4,0,89,1019,428,7,,
4,0,89,1019,427,7,,
56:58.1,4,4,0,89,1019,427.0,7.0
4,0,89,1019,427,7,,
4,0,89,1019,425,7,,
21:57.9,4,4,0,89,1019,423.0,7.0
4,0,89,1019,423,7,,
3,0,89,1019,425,7,,
46:52.7,4,3,0,89,1019,424.0,7.0
3,0,89,1019,424,7,,
3,0,89,1019,424,7,,
12:01.3,3,3,0,89,1019,425.0,7.0
3,0,89,1019,428,7,,
3,0,89,1020,427,7,,
36:59.3,3,3,0,89,1020,427.0,7.0
3,0,89,1020,425,7,,
3,0,89,1020,423,7,,
01:57.1,3,3,0,89,1020,427.0,7.0
3,0,89,1020,423,7,,
3,0,89,1020,426,7,,
26:58.2,3,3,0,89,1019,424.0,7.0
3,0,89,1020,423,7,,
3,0,89,1020,424,7,,
52:00.1,3,3,0,89,1020,424.0,7.0
3,0,89,1020,423,7,,
3,0,89,1020,422,7,,
16:56.4,3,3,0,89,1020,421.0,7.0
3,0,89,1020,421,7,,
3,0,90,1020,423,7,,
42:02.0,3,3,0,90,1021,423.0,7.0
3,0,90,1021,425,7,,
3,260,90,1021,423,7,,
07:10.7,4,4,310,91,1021,424.0,7.0
4,330,91,1021,423,7,,
4,390,92,1021,419,7,,
31:55.9,4,4,440,93,1021,420.0,7.0
5,470,93,1021,419,7,,
5,530,92,1021,417,7,,
56:59.4,5,6,520,91,1021,412.0,7.0
6,510,91,1021,414,7,,
6,490,90,1021,412,7,,
21:54.6,5,7,420,90,1021,414.0,7.0
7,420,89,1021,411,7,,
8,390,88,1021,409,7,,
46:58.0,6,8,300,87,1021,409.0,7.0
9,290,87,1021,412,7,,
9,310,86,1021,408,7,,
12:03.0,7,9,310,86,1020,409.0,7.0
10,310,85,1020,407,7,,
10,310,85,1020,407,7,,
37:02.2,7,10,310,84,1020,408.0,7.0
11,310,84,1020,407,7,,
11,310,83,1019,408,7,,
01:54.2,8,11,500,81,1019,409.0,7.0
11,480,81,1019,406,7,,
12,480,81,1019,407,7,,
27:01.0,9,12,470,80,1019,407.0,7.0
12,460,80,1019,409,7,,
13,460,79,1019,407,7,,
52:02.2,9,13,450,77,1019,408.0,7.0
13,450,76,1019,406,7,,
13,460,76,1019,408,7,,
16:55.3,10,14,450,75,1019,406.0,7.0
14,440,74,1019,406,7,,
14,430,74,1019,406,7,,
41:59.6,10,14,430,73,1019,404.0,7.0
14,420,73,1019,405,7,,
14,420,73,1019,404,7,,
07:11.5,10,14,410,73,1019,404.0,7.0
14,400,73,1019,405,7,,
14,370,73,1019,403,7,,
31:57.7,10,14,360,73,1020,401.0,7.0
14,350,73,1020,403,7,,
13,310,72,1020,403,7,,
57:00.8,10,13,280,72,1020,401.0,7.0
13,260,72,1020,402,7,,
13,220,71,1020,407,7,,
21:57.0,10,13,0,71,1020,403.0,7.0
12,0,72,1020,406,7,,
12,0,73,1020,403,7,,
46:57.9,9,11,0,74,1020,404.0,7.0
11,0,75,1020,405,7,,
10,0,77,1020,399,7,,
12:02.5,9,10,0,78,1020,407.0,7.0
10,0,79,1020,406,7,,
9,0,80,1020,407,7,,
37:01.3,8,9,0,80,1020,406.0,7.0
9,0,81,1020,404,7,,
8,0,81,1020,406,7,,
01:55.7,8,8,0,82,1020,408.0,7.0
8,0,83,1020,407,7,,
8,0,83,1020,407,7,,
27:02.8,8,8,0,84,1021,405.0,7.0
7,0,84,1021,408,7,,
7,0,85,1021,412,7,,
51:58.7,7,7,0,85,1021,411.0,7.0
7,0,85,1021,413,7,,
7,0,85,1021,411,7,,
16:54.8,7,7,0,85,1021,414.0,7.0
7,0,85,1021,411,7,,
7,0,86,1021,413,7,,
42:01.1,7,7,0,86,1021,414.0,7.0
7,0,86,1022,416,7,,
6,0,86,1022,416,7,,
07:08.2,7,6,0,86,1022,417.0,7.0
6,0,86,1022,414,7,,
6,0,87,1022,417,7,,
31:56.5,6,6,0,87,1023,421.0,7.0
6,0,87,1023,418,7,,
6,0,87,1022,418,7,,
57:01.2,6,6,0,87,1023,419.0,7.0
6,0,88,1023,419,7,,
6,0,88,1023,421,7,,
21:56.4,6,6,0,88,1023,420.0,7.0
6,0,88,1023,422,7,,
6,0,88,1023,420,7,,
46:53.0,6,6,0,88,1023,426.0,7.0
6,0,88,1023,424,7,,
6,0,88,1023,422,7,,
12:05.7,6,6,0,88,1023,425.0,7.0
6,0,88,1023,423,7,,
6,0,88,1023,425,7,,
36:59.1,6,6,0,88,1023,425.0,7.0
6,0,88,1023,426,7,,
5,0,88,1023,428,7,,
01:56.5,6,5,0,89,1023,426.0,7.0
5,0,89,1023,428,7,,
5,0,89,1023,426,7,,
26:59.4,6,5,0,89,1023,427.0,7.0
5,0,88,1023,426,7,,
5,0,88,1023,429,7,,
51:54.0,5,5,0,88,1023,425.0,7.0
5,0,88,1024,428,7,,
5,0,88,1024,428,7,,
17:00.8,5,5,0,88,1023,425.0,7.0
5,0,88,1023,427,7,,
5,0,88,1024,425,7,,
41:57.9,5,5,0,88,1024,426.0,7.0
5,0,88,1024,425,7,,
5,0,88,1024,429,7,,
07:03.8,5,5,0,88,1024,427.0,7.0
5,0,88,1024,426,7,,
5,0,89,1024,428,7,,
31:55.7,5,5,0,89,1024,425.0,7.0
5,0,89,1024,428,7,,
5,0,89,1024,427,7,,
56:58.4,5,4,0,89,1024,428.0,7.0
4,0,89,1024,427,7,,
4,0,89,1024,429,7,,
22:01.1,5,4,0,89,1024,428.0,7.0
4,0,89,1024,427,7,,
4,0,89,1024,428,7,,
46:52.5,5,4,0,89,1024,429.0,7.0
4,0,89,1024,427,7,,
4,0,89,1024,426,7,,
11:58.4,5,4,0,89,1024,428.0,7.0
4,0,89,1024,426,7,,
4,0,89,1024,427,7,,
36:58.1,4,4,0,89,1024,427.0,7.0
4,0,89,1024,427,7,,
4,0,89,1024,432,7,,
01:55.7,4,4,0,89,1024,425.0,7.0
4,0,89,1024,427,7,,
4,0,89,1024,429,7,,
26:59.1,4,4,0,89,1024,427.0,7.0
4,0,89,1024,430,7,,
4,0,89,1024,430,7,,
51:55.9,4,4,0,89,1024,427.0,7.0
4,0,90,1024,429,7,,
4,0,90,1024,430,7,,
16:55.5,4,4,0,90,1024,430.0,7.0
4,0,90,1024,427,7,,
4,0,89,1024,429,7,,
42:00.0,4,4,0,89,1024,431.0,7.0
4,0,89,1024,428,7,,
4,0,89,1024,429,7,,
07:03.5,4,4,0,90,1024,427.0,7.0
4,0,90,1024,430,7,,
4,0,90,1024,430,7,,
31:54.5,4,4,0,90,1024,427.0,7.0
4,0,90,1024,427,7,,
4,0,90,1024,430,7,,
56:57.6,4,4,0,90,1024,428.0,7.0
4,0,90,1024,429,7,,
4,0,89,1025,431,7,,
21:53.3,4,4,0,90,1025,431.0,7.0
4,0,90,1025,428,7,,
4,0,90,1025,431,7,,
46:54.8,4,4,0,90,1025,430.0,7.0
4,0,90,1025,428,7,,
4,0,90,1025,432,7,,
11:57.0,4,4,0,90,1025,430.0,7.0
4,0,90,1025,431,7,,
4,0,90,1025,430,7,,
36:58.7,4,4,0,90,1025,433.0,7.0
4,0,90,1025,431,7,,
4,0,90,1025,430,7,,
01:54.0,4,4,0,90,1025,433.0,7.0
4,0,90,1025,431,7,,
4,0,90,1025,434,7,,
26:58.3,4,4,0,90,1025,435.0,7.0
4,0,90,1025,431,7,,
4,0,90,1025,432,7,,
51:54.3,4,4,0,90,1025,434.0,7.0
4,160,90,1025,435,7,,
4,280,91,1025,434,7,,
16:55.1,4,5,330,92,1025,432.0,7.0
5,310,93,1025,432,7,,
5,340,94,1025,431,7,,
41:58.0,5,6,360,94,1025,431.0,7.0
7,360,94,1025,431,7,,
7,380,94,1025,427,7,,
07:04.9,6,8,380,93,1025,426.0,7.0
8,380,92,1025,427,7,,
9,390,90,1025,426,7,,
31:53.9,7,10,400,89,1025,429.0,7.0
10,330,88,1025,431,7,,
11,380,87,1025,428,7,,
56:57.8,8,11,410,85,1025,427.0,7.0
12,410,84,1024,428,7,,
12,410,84,1024,429,7,,
21:56.4,9,13,410,83,1024,428.0,7.0
13,410,82,1024,429,7,,
13,420,81,1024,427,7,,
46:55.8,9,14,410,80,1024,426.0,7.0
14,410,79,1024,426,7,,
14,400,79,1024,428,7,,
12:00.5,10,15,410,77,1024,429.0,7.0
15,410,77,1024,425,7,,
15,410,76,1023,429,7,,
36:59.4,11,16,410,76,1023,428.0,7.0
16,410,75,1023,427,7,,
16,410,74,1023,428,7,,
01:57.8,11,16,410,74,1023,427.0,7.0
16,400,73,1023,427,7,,
16,400,73,1023,428,7,,
27:01.3,12,16,390,73,1023,430.0,7.0
17,340,73,1023,427,7,,
17,380,72,1023,428,7,,
51:56.1,12,17,380,72,1023,428.0,7.0
17,380,72,1023,430,7,,
17,360,72,1023,429,7,,
16:55.8,12,17,340,72,1023,427.0,7.0
17,330,72,1023,428,7,,
17,310,72,1023,427,7,,
41:57.4,12,16,280,72,1023,426.0,7.0
16,270,72,1023,428,7,,
16,240,72,1023,427,7,,
07:08.0,12,16,0,72,1023,428.0,7.0
16,0,72,1023,428,7,,
15,0,72,1023,439,7,,
31:57.9,12,15,0,73,1023,435.0,7.0
15,0,74,1023,438,7,,
14,0,75,1023,438,7,,
57:01.3,11,13,0,76,1024,437.0,7.0
13,0,76,1024,439,7,,
12,0,77,1024,438,7,,
21:55.7,11,12,0,78,1024,439.0,7.0
12,0,79,1024,438,7,,
11,0,79,1024,435,7,,
46:55.7,10,11,0,80,1024,439.0,7.0
11,0,80,1024,435,7,,
10,0,81,1024,432,7,,
11:59.0,9,10,0,82,1024,438.0,7.0
10,0,82,1024,437,7,,
10,0,82,1024,440,7,,
37:07.7,9,9,0,83,1024,440.0,7.0
9,0,83,1024,440,7,,
9,0,84,1025,437,7,,
01:56.5,9,9,0,84,1024,438.0,7.0
9,0,84,1025,439,7,,
8,0,85,1025,439,7,,
27:07.2,8,8,0,85,1025,438.0,7.0
8,0,85,1025,440,7,,
8,0,85,1025,441,7,,
51:57.9,8,8,0,86,1025,442.0,7.0
8,0,86,1025,439,7,,
8,0,86,1025,441,7,,
16:56.1,8,8,0,87,1025,442.0,7.0
8,0,87,1025,442,7,,
7,0,87,1025,443,7,,
41:58.1,8,7,0,87,1025,444.0,7.0
7,0,87,1025,444,7,,
7,0,87,1025,444,7,,
07:01.3,7,7,0,87,1025,445.0,7.0
7,0,88,1025,444,7,,
7,0,88,1025,446,7,,
32:03.7,7,7,0,88,1025,443.0,7.0
7,0,88,1025,449,7,,
7,0,88,1025,448,7,,
56:59.8,7,7,0,88,1025,444.0,7.0
7,0,88,1025,453,7,,
7,0,88,1025,448,7,,
22:01.9,7,7,0,88,1025,448.0,7.0
7,0,88,1025,446,7,,
7,0,88,1025,447,7,,
46:54.4,7,7,0,88,1025,450.0,7.0
7,0,88,1025,450,7,,
7,0,89,1025,450,7,,
11:56.8,7,7,0,89,1025,447.0,7.0
7,0,89,1025,450,7,,
6,0,89,1025,452,7,,
36:58.9,7,6,0,89,1025,450.0,7.0
6,0,89,1025,451,7,,
6,0,89,1026,450,7,,
01:56.3,7,6,0,89,1026,453.0,7.0
6,0,89,1025,450,7,,
6,0,89,1026,451,7,,
26:56.8,7,6,0,89,1026,453.0,7.0
6,0,89,1025,451,7,,
6,0,89,1025,454,7,,
51:53.8,7,6,0,89,1025,453.0,7.0
6,0,89,1025,454,7,,
6,0,89,1025,454,7,,
16:54.7,7,6,0,89,1025,452.0,7.0
6,0,89,1025,453,7,,
6,0,89,1025,454,7,,
41:57.2,6,6,0,89,1026,456.0,7.0
6,0,89,1026,454,7,,
6,0,89,1026,454,7,,
07:08.1,6,6,0,89,1026,455.0,7.0
6,0,89,1026,455,7,,
6,0,89,1026,455,7,,
31:54.8,6,6,0,89,1026,455.0,7.0
6,0,89,1026,457,7,,
6,0,89,1026,457,7,,
56:58.3,6,6,0,89,1026,457.0,7.0
6,0,89,1026,457,7,,
6,0,89,1026,458,7,,
21:56.2,6,6,0,89,1026,458.0,7.0
6,0,89,1026,458,7,,
6,0,89,1026,457,7,,
46:54.2,6,6,0,89,1026,454.0,7.0
6,0,89,1026,458,7,,
6,0,89,1026,460,7,,
11:57.9,6,6,0,89,1026,458.0,7.0
6,0,89,1026,457,7,,
6,0,89,1027,459,7,,
37:00.7,6,6,0,89,1027,460.0,7.0
5,0,89,1027,457,7,,
5,0,89,1027,460,7,,
01:52.1,6,5,0,89,1026,457.0,7.0
5,0,89,1027,459,7,,
5,0,89,1027,461,7,,
27:00.2,6,5,0,89,1027,460.0,7.0
5,0,89,1027,462,7,,
5,0,89,1027,459,7,,
51:57.9,5,5,0,89,1026,461.0,7.0
5,0,89,1026,460,7,,
5,0,89,1026,462,7,,
16:54.6,5,5,0,89,1026,459.0,7.0
5,0,89,1026,462,7,,
5,0,89,1026,462,7,,
41:57.8,5,5,0,89,1026,460.0,7.0
5,0,89,1026,460,7,,
5,0,89,1026,463,7,,
07:05.8,5,5,0,89,1026,463.0,7.0
5,0,89,1026,463,7,,
5,0,89,1026,465,7,,
31:54.3,5,5,0,89,1026,463.0,7.0
5,0,89,1026,461,7,,
5,0,89,1026,461,7,,
56:59.7,5,5,0,89,1026,464.0,7.0
5,0,89,1026,463,7,,
5,0,90,1026,462,7,,
21:55.2,5,5,0,89,1026,461.0,7.0
5,0,89,1026,465,7,,
5,0,89,1026,463,7,,
46:55.0,5,5,0,90,1026,465.0,7.0
5,0,90,1027,465,7,,
5,0,90,1027,470,7,,
11:57.9,5,5,50,90,1027,467.0,7.0
5,80,90,1027,467,7,,
5,190,90,1027,470,7,,
36:59.4,5,5,280,90,1027,467.0,7.0
5,320,91,1027,466,7,,
5,250,92,1028,464,7,,
01:56.6,6,6,270,92,1028,460.0,7.0
6,280,93,1028,467,7,,
6,290,93,1028,460,7,,
27:00.4,6,7,310,94,1028,461.0,7.0
7,320,94,1028,463,7,,
8,340,94,1028,461,7,,
51:54.2,7,9,340,94,1028,459.0,7.0
9,340,93,1028,460,7,,
10,360,91,1028,457,7,,
16:53.6,8,10,360,90,1028,458.0,7.0
11,370,89,1028,457,7,,
11,370,88,1028,457,7,,
41:58.1,9,12,370,87,1028,455.0,7.0
12,370,87,1028,458,7,,
13,380,86,1028,458,7,,
07:06.9,10,13,380,85,1028,455.0,7.0
13,390,84,1028,459,7,,
14,360,83,1027,458,7,,
31:55.8,10,14,360,82,1027,458.0,7.0
14,350,82,1027,460,7,,
15,350,81,1027,459,7,,
56:58.7,11,15,320,80,1027,458.0,7.0
15,340,80,1027,456,7,,
15,340,79,1027,454,7,,
21:56.9,11,16,340,79,1027,456.0,7.0
16,350,78,1026,457,7,,
16,310,78,1026,457,7,,
46:55.7,12,16,280,77,1026,457.0,7.0
16,280,76,1026,456,7,,
16,220,76,1026,454,7,,
11:58.7,12,16,200,76,1026,452.0,7.0
16,180,76,1026,451,7,,
16,180,75,1026,451,7,,
36:59.6,12,15,190,75,1026,450.0,7.0
15,190,75,1026,449,7,,
15,230,76,1026,446,7,,
01:54.4,12,14,230,76,1025,447.0,7.0
14,240,77,1026,448,7,,
14,200,77,1026,449,7,,
26:58.6,11,14,180,77,1025,449.0,7.0
14,180,77,1025,445,7,,
14,190,78,1025,443,7,,
51:54.8,11,14,100,78,1025,444.0,7.0
14,70,78,1025,443,7,,
13,120,77,1025,441,7,,
16:56.7,11,13,90,78,1025,442.0,7.0
13,70,78,1025,440,7,,
12,0,78,1025,438,7,,
42:06.1,11,12,0,79,1026,435.0,7.0
12,0,80,1026,435,7,,
11,0,81,1025,436,7,,
07:07.0,10,11,0,82,1026,436.0,7.0
11,0,82,1026,440,7,,
11,0,83,1026,435,7,,
31:56.9,10,10,0,83,1026,433.0,7.0
10,0,84,1026,434,7,,
10,0,84,1026,438,7,,
57:01.2,9,10,0,85,1026,434.0,7.0
9,0,85,1026,440,7,,
9,0,85,1026,437,7,,
21:58.9,9,9,0,86,1026,437.0,7.0
9,0,86,1026,441,7,,
9,0,86,1026,438,7,,
47:07.5,9,9,0,87,1026,439.0,7.0
9,0,87,1026,440,7,,
8,0,87,1026,442,7,,
11:59.3,9,8,0,87,1027,439.0,7.0
8,0,87,1027,442,7,,
8,0,87,1027,440,7,,
37:01.1,8,8,0,88,1027,441.0,7.0
8,0,88,1027,440,7,,
8,0,88,1027,443,7,,
01:53.5,8,8,0,88,1027,444.0,7.0
8,0,88,1027,443,7,,
8,0,88,1027,444,7,,
26:59.4,8,8,0,88,1027,444.0,7.0
8,0,88,1027,446,7,,
8,0,88,1026,446,7,,
52:01.0,8,8,0,88,1026,447.0,7.0
8,0,88,1026,446,7,,
7,0,89,1026,444,7,,
16:54.7,8,7,0,89,1026,450.0,7.0
7,0,89,1026,449,7,,
7,0,89,1026,448,7,,
41:59.3,8,7,0,89,1026,449.0,7.0
7,0,89,1026,450,7,,
7,0,89,1026,450,7,,
07:08.8,7,7,0,89,1026,450.0,7.0
7,0,89,1026,451,7,,
7,0,89,1026,451,7,,
31:55.2,7,7,0,89,1026,453.0,7.0
7,0,89,1026,450,7,,
7,0,89,1026,452,7,,
57:01.2,7,7,0,89,1026,452.0,7.0
7,0,89,1026,452,7,,
7,0,89,1026,450,7,,
21:54.5,7,7,0,89,1026,452.0,7.0
7,0,89,1026,454,7,,
7,0,89,1026,455,7,,
46:52.4,7,7,0,89,1026,453.0,7.0
7,0,89,1026,453,7,,
7,0,89,1026,455,7,,
11:58.4,7,7,0,89,1026,453.0,7.0
7,0,89,1026,455,7,,
6,0,89,1026,456,7,,
36:57.6,7,6,0,89,1026,458.0,7.0
6,0,89,1026,457,7,,
6,0,90,1027,457,7,,
01:56.1,7,6,0,90,1026,457.0,7.0
6,0,90,1026,457,7,,
6,0,89,1026,459,7,,
26:59.7,6,6,0,89,1026,460.0,7.0
6,0,89,1026,461,7,,
6,0,89,1026,458,7,,
51:57.0,6,6,0,89,1026,460.0,7.0
6,0,89,1026,459,7,,
6,0,89,1026,463,7,,
16:52.8,6,6,0,89,1026,461.0,7.0
6,0,89,1026,461,7,,
6,0,89,1026,459,7,,
41:58.7,6,6,0,89,1026,458.0,7.0
6,0,89,1026,462,7,,
6,0,89,1026,461,7,,
07:00.6,6,6,0,89,1026,465.0,7.0
6,0,89,1026,464,7,,
6,0,89,1026,466,6,,
31:53.2,6,6,0,89,1026,462.0,7.0
6,0,89,1026,464,7,,
6,0,89,1026,464,7,,
57:00.7,6,6,0,89,1026,466.0,7.0
6,0,89,1026,464,7,,
6,0,89,1026,466,7,,
21:54.4,6,6,0,89,1026,465.0,7.0
6,0,89,1026,466,7,,
6,0,89,1026,466,7,,
46:54.3,6,6,0,89,1026,467.0,7.0
6,0,89,1026,466,7,,
6,0,89,1026,470,7,,
11:56.0,6,6,0,89,1026,468.0,7.0
6,0,90,1026,467,6,,
6,0,90,1026,465,7,,
36:55.8,6,6,0,90,1026,465.0,7.0
6,0,90,1026,467,7,,
6,0,90,1026,467,7,,
01:58.2,6,6,0,90,1026,469.0,6.0
5,0,90,1026,468,6,,
5,0,90,1026,469,7,,
26:58.0,5,5,0,90,1026,469.0,7.0
5,0,90,1026,468,7,,
5,0,90,1026,467,6,,
51:59.4,5,5,0,90,1026,467.0,7.0
5,0,90,1026,467,7,,
5,0,90,1026,469,7,,
16:53.3,5,5,0,90,1026,470.0,6.0
5,0,90,1026,470,6,,
5,0,90,1026,469,6,,
41:57.1,5,5,0,90,1026,467.0,7.0
5,0,90,1026,468,7,,
5,0,90,1026,467,7,,
07:07.5,5,5,0,90,1026,470.0,7.0
5,0,90,1026,471,7,,
5,0,90,1026,466,7,,
31:53.3,5,5,0,90,1026,469.0,6.0
5,0,90,1026,469,6,,
5,0,90,1026,472,7,,
56:59.8,5,5,0,90,1026,470.0,7.0
5,0,90,1026,469,7,,
5,0,90,1026,472,7,,
21:55.8,5,5,40,90,1026,472.0,6.0
5,60,90,1026,469,6,,
5,110,91,1027,468,7,,
46:51.8,5,5,150,91,1027,473.0,6.0
6,170,92,1027,469,7,,
6,190,93,1027,471,7,,
11:57.5,6,6,220,93,1027,470.0,7.0
7,220,93,1027,469,7,,
7,240,94,1027,471,7,,
37:02.2,7,8,250,94,1027,468.0,7.0
8,260,95,1027,469,7,,
9,260,94,1027,471,7,,
01:56.9,8,9,280,94,1027,469.0,7.0
10,290,94,1027,472,7,,
10,300,93,1027,464,7,,
27:04.0,8,11,310,93,1027,468.0,7.0
11,320,92,1027,470,7,,
12,320,91,1027,465,7,,
51:58.3,9,12,330,89,1027,469.0,7.0
13,330,88,1026,467,7,,
13,330,87,1026,464,7,,
16:59.6,10,14,340,86,1026,466.0,7.0
14,340,85,1026,464,7,,
14,330,84,1026,465,7,,
41:59.9,11,15,340,83,1026,467.0,7.0
15,340,83,1026,463,7,,
15,340,82,1026,465,7,,
07:06.2,11,16,340,81,1026,466.0,7.0
16,340,81,1026,465,7,,
16,340,80,1026,464,7,,
31:57.3,12,17,340,79,1026,460.0,7.0
17,350,79,1026,465,7,,
17,340,78,1025,467,7,,
57:07.1,13,17,340,77,1026,463.0,7.0
17,340,78,1026,465,7,,
18,330,77,1025,466,7,,
22:01.8,13,18,330,76,1025,463.0,7.0
18,320,76,1025,462,7,,
18,320,75,1025,461,7,,
46:56.0,13,18,310,75,1025,462.0,7.0
18,300,74,1025,462,7,,
18,300,74,1025,463,7,,
12:02.1,13,18,280,74,1025,459.0,7.0
18,270,74,1025,461,7,,
18,270,73,1025,459,7,,
37:05.2,14,18,250,73,1025,461.0,7.0
18,240,73,1025,458,7,,
18,210,73,1025,460,7,,
02:07.6,14,17,180,73,1025,459.0,7.0
17,160,73,1025,456,7,,
17,120,72,1025,459,7,,
27:02.7,13,16,0,73,1025,457.0,7.0
16,0,73,1026,453,7,,
16,0,73,1026,453,7,,
52:02.5,13,15,0,75,1026,453.0,7.0
15,0,76,1026,451,7,,
14,0,77,1026,452,7,,
16:57.4,12,14,0,78,1026,451.0,7.0
14,0,79,1026,451,6,,
13,0,80,1026,452,7,,
42:04.8,12,12,0,81,1026,451.0,6.0
12,0,81,1026,449,6,,
12,0,82,1026,453,6,,
06:43.4,11,11,0,83,1026,451.0,6.0
11,0,83,1026,451,7,,
11,0,84,1026,453,6,,
31:56.4,11,11,0,84,1026,451.0,6.0
11,0,84,1026,451,7,,
10,0,85,1026,449,6,,
57:03.0,10,10,0,85,1026,453.0,6.0
10,0,86,1026,454,6,,
10,0,86,1026,454,6,,
22:00.9,10,9,0,87,1027,454.0,6.0
9,0,87,1027,458,6,,
9,0,87,1027,455,6,,
46:56.9,9,9,0,87,1027,455.0,6.0
9,0,87,1027,456,6,,
9,0,87,1027,461,6,,
12:04.0,9,9,0,88,1027,460.0,6.0
9,0,88,1027,460,6,,
9,0,88,1027,458,6,,
37:00.2,9,9,0,88,1027,459.0,6.0
9,0,88,1027,463,6,,
9,0,88,1027,463,6,,
01:55.4,9,8,0,88,1027,464.0,6.0
8,0,88,1027,463,6,,
8,0,88,1027,466,6,,
27:02.1,9,8,0,88,1027,465.0,6.0
8,0,88,1027,463,6,,
8,0,89,1027,465,6,,
51:55.3,8,8,0,88,1027,467.0,6.0
8,0,89,1027,467,6,,
8,0,89,1027,467,6,,
16:54.7,8,8,0,88,1027,468.0,6.0
8,0,88,1027,470,6,,
8,0,88,1027,472,6,,
42:01.1,8,8,0,89,1027,471.0,6.0
8,0,89,1027,467,6,,
8,0,89,1028,471,6,,
07:03.2,8,8,0,89,1028,470.0,6.0
8,0,89,1028,470,6,,
7,0,89,1028,472,6,,
31:55.3,8,7,0,89,1028,474.0,6.0
7,0,89,1028,473,6,,
7,0,89,1028,474,6,,
56:59.5,8,7,0,89,1028,476.0,6.0
7,0,89,1028,474,6,,
7,0,89,1028,476,6,,
21:55.0,7,7,0,89,1028,475.0,6.0
7,0,89,1028,472,6,,
7,0,89,1028,475,6,,
46:54.1,7,7,0,89,1028,473.0,6.0
7,0,89,1028,475,6,,
7,0,89,1028,477,6,,
12:00.0,7,7,0,89,1028,477.0,6.0
7,0,89,1028,475,6,,
7,0,89,1028,475,6,,
36:58.6,7,7,0,89,1028,476.0,6.0
7,0,89,1028,474,6,,
7,0,89,1028,479,6,,
01:56.0,7,7,0,89,1028,479.0,6.0
7,0,89,1028,478,6,,
7,0,89,1028,481,6,,
26:57.8,7,6,0,89,1028,477.0,6.0
6,0,89,1028,477,6,,
6,0,89,1028,482,6,,
51:54.2,7,6,0,89,1028,481.0,6.0
6,0,89,1028,481,6,,
6,0,89,1028,482,6,,
16:55.0,7,6,0,89,1028,482.0,6.0
6,0,89,1028,483,6,,
6,0,89,1028,482,6,,
41:59.7,6,6,0,89,1028,482.0,6.0
6,0,89,1028,485,6,,
6,0,89,1028,481,6,,
07:03.1,6,6,0,89,1028,483.0,6.0
6,0,89,1028,482,6,,
6,0,89,1028,481,6,,
31:53.1,6,6,0,89,1028,482.0,6.0
6,0,89,1028,484,6,,
6,0,89,1028,484,6,,
56:55.2,6,6,0,89,1028,485.0,6.0
6,0,89,1028,486,6,,
6,0,89,1028,484,6,,
21:56.9,6,6,0,89,1028,483.0,6.0
6,0,89,1028,484,6,,
6,0,89,1028,485,6,,
46:54.1,6,6,0,89,1028,490.0,6.0
6,0,89,1028,487,6,,
6,0,89,1028,489,6,,
11:55.3,6,6,0,89,1028,487.0,6.0
6,0,89,1028,488,6,,
5,0,90,1028,491,6,,
36:57.4,6,5,0,90,1028,486.0,6.0
5,0,90,1028,486,6,,
5,0,90,1028,487,6,,
01:55.4,6,5,0,90,1028,487.0,6.0
5,0,90,1028,490,6,,
5,0,90,1028,489,6,,
26:59.7,6,5,0,90,1028,489.0,6.0
5,0,90,1028,490,6,,
5,0,89,1028,489,6,,
51:55.3,5,5,0,90,1028,491.0,6.0
5,0,90,1028,490,6,,
5,0,90,1028,490,6,,
16:56.0,5,5,0,90,1028,493.0,6.0
5,0,90,1028,495,6,,
5,0,90,1028,494,6,,
42:00.2,5,5,0,90,1028,490.0,6.0
5,0,90,1028,492,6,,
5,0,90,1028,492,6,,
07:06.7,5,5,10,90,1028,491.0,6.0
5,10,90,1028,493,6,,
5,10,91,1028,491,6,,
31:58.5,5,5,30,91,1028,496.0,6.0
5,30,91,1028,496,6,,
5,50,91,1028,494,6,,
57:04.0,6,6,60,92,1028,497.0,6.0
6,70,92,1028,497,6,,
6,80,92,1028,496,6,,
21:58.5,6,6,90,93,1028,500.0,6.0
7,100,93,1028,499,6,,
7,110,93,1028,498,6,,
46:57.4,6,7,120,94,1028,499.0,6.0
8,120,94,1028,499,6,,
8,130,94,1028,500,6,,
12:05.6,7,9,140,94,1028,498.0,6.0
9,140,94,1028,499,6,,
9,140,94,1028,502,6,,
37:02.5,8,10,140,94,1028,504.0,6.0
10,140,94,1027,499,6,,
11,140,93,1027,504,6,,
01:56.2,8,11,140,93,1027,506.0,6.0
11,150,93,1027,504,6,,
12,150,93,1027,504,6,,
26:55.6,9,12,140,92,1027,506.0,6.0
12,140,92,1026,504,6,,
13,150,91,1026,505,6,,
51:57.8,9,13,60,91,1026,505.0,7.0
13,130,91,1026,508,6,,
13,110,90,1026,507,6,,
17:10.0,10,13,110,89,1025,504.0,6.0
13,120,87,1025,503,6,,
13,80,86,1025,503,6,,
41:59.7,10,13,40,83,1025,505.0,6.0
13,60,83,1025,505,6,,
13,110,82,1025,506,6,,
07:05.5,10,13,60,83,1025,505.0,6.0
13,80,82,1025,505,6,,
13,60,82,1025,505,6,,
31:58.3,10,12,90,83,1025,502.0,6.0
12,90,83,1025,503,6,,
12,90,84,1024,501,6,,
57:02.1,10,12,100,85,1024,501.0,6.0
12,90,85,1024,503,6,,
12,90,85,1024,501,6,,
21:56.7,10,12,80,85,1024,503.0,6.0
12,80,85,1024,498,6,,
12,70,85,1025,500,6,,
46:56.4,10,12,20,84,1025,505.0,6.0
12,30,83,1025,500,6,,
12,40,83,1025,500,6,,
12:03.3,10,12,30,83,1025,498.0,6.0
12,30,83,1025,495,6,,
12,20,83,1025,500,6,,
37:02.1,10,11,10,83,1025,496.0,6.0
11,10,83,1025,499,6,,
11,0,83,1025,491,6,,
02:00.7,9,11,0,84,1025,487.0,6.0
11,0,84,1025,487,6,,
10,0,84,1026,486,6,,
27:03.4,9,10,0,85,1026,481.0,6.0
10,0,85,1026,482,6,,
10,0,85,1026,479,6,,
51:59.3,9,9,0,86,1026,481.0,6.0
9,0,86,1026,480,6,,
9,0,86,1027,484,6,,
16:57.9,8,9,0,86,1027,479.0,6.0
9,0,87,1027,482,6,,
9,0,87,1027,480,6,,
41:59.5,8,9,0,87,1027,479.0,6.0
9,0,87,1027,478,6,,
8,0,88,1027,481,6,,
06:45.4,8,8,0,88,1027,481.0,6.0
8,0,88,1027,481,6,,
8,0,88,1027,480,6,,
31:57.8,8,8,0,88,1027,478.0,6.0
8,0,88,1028,476,6,,
8,0,88,1028,478,6,,
57:05.3,8,8,0,88,1028,478.0,6.0
8,0,88,1028,480,6,,
8,0,88,1028,479,6,,
21:56.8,7,8,0,89,1028,479.0,6.0
7,0,89,1028,480,6,,
7,0,89,1028,482,6,,
46:56.1,7,7,0,89,1028,480.0,6.0
7,0,89,1028,482,6,,
7,0,89,1028,482,6,,
11:58.0,7,7,0,89,1028,480.0,6.0
7,0,89,1028,480,6,,
7,0,89,1028,481,6,,
36:59.6,7,7,0,89,1028,479.0,6.0
7,0,89,1028,481,6,,
7,0,89,1028,482,6,,
01:59.8,7,7,0,89,1028,483.0,6.0
7,0,89,1028,484,6,,
7,0,89,1028,483,6,,
26:59.6,7,7,0,89,1028,485.0,6.0
7,0,89,1028,479,6,,
6,0,89,1028,482,6,,
51:56.1,6,6,0,89,1028,481.0,6.0
6,0,89,1028,483,6,,
6,0,89,1028,481,6,,
16:56.0,6,6,0,89,1028,479.0,6.0
6,0,89,1028,482,6,,
6,0,89,1028,482,6,,
41:57.9,6,6,0,89,1028,482.0,6.0
6,0,89,1028,482,6,,
6,0,89,1028,484,6,,
07:01.9,6,6,0,89,1028,481.0,6.0
6,0,89,1028,481,6,,
6,0,89,1028,478,6,,
31:55.7,6,6,0,89,1028,482.0,6.0
6,0,89,1028,482,6,,
6,0,89,1028,482,6,,
56:58.6,6,6,0,90,1028,483.0,6.0
6,0,90,1028,480,6,,
6,0,90,1028,483,6,,
21:56.6,6,6,0,90,1028,484.0,6.0
6,0,90,1028,485,6,,
6,0,90,1028,483,6,,
46:55.6,6,6,0,90,1028,485.0,6.0
6,0,90,1028,486,6,,
6,0,90,1028,481,6,,
11:58.2,6,5,0,90,1028,484.0,6.0
5,0,90,1028,485,6,,
5,0,90,1028,483,6,,
36:52.3,6,5,0,90,1028,485.0,6.0
5,0,90,1028,485,6,,
5,0,90,1028,485,6,,
01:55.7,5,5,0,90,1028,482.0,6.0
5,0,90,1028,481,6,,
5,0,90,1028,483,6,,
26:55.9,5,5,0,90,1029,485.0,6.0
5,0,90,1029,487,6,,
5,0,90,1029,485,6,,
51:54.8,5,5,0,90,1029,486.0,6.0
5,0,90,1029,485,6,,
5,0,90,1029,486,6,,
16:53.8,5,5,0,90,1029,485.0,6.0
5,0,90,1028,484,6,,
5,0,90,1029,486,6,,
41:57.0,5,5,0,90,1029,485.0,6.0
5,0,90,1029,485,6,,
5,0,90,1029,483,6,,
07:00.6,5,5,0,90,1029,489.0,6.0
5,0,90,1029,485,6,,
5,0,90,1029,485,6,,
31:57.1,5,5,0,90,1029,484.0,6.0
5,0,90,1029,486,6,,
5,0,90,1029,484,6,,
56:58.0,5,5,0,90,1029,485.0,6.0
5,0,90,1029,487,6,,
5,0,90,1029,483,6,,
21:53.2,5,5,0,90,1029,485.0,6.0
5,0,90,1029,482,6,,
5,0,90,1029,485,6,,
46:55.8,5,5,0,90,1029,485.0,6.0
5,0,90,1029,482,6,,
5,0,90,1029,482,6,,
11:57.4,5,5,0,90,1029,483.0,6.0
5,0,90,1030,485,6,,
5,0,90,1030,487,6,,
36:56.8,4,5,0,90,1030,486.0,6.0
5,0,90,1030,484,6,,
5,0,90,1030,483,6,,
01:53.0,4,5,0,90,1030,484.0,6.0
5,0,90,1030,483,6,,
5,0,90,1030,483,6,,
27:02.2,4,4,0,90,1030,483.0,6.0
4,0,90,1030,484,6,,
4,0,90,1030,486,6,,
52:00.0,4,4,0,90,1030,484.0,6.0
4,0,90,1030,486,6,,
4,0,90,1030,483,6,,
16:54.6,4,4,0,91,1030,484.0,6.0
4,0,91,1030,483,6,,
5,0,91,1031,486,6,,
41:59.9,5,5,0,91,1031,486.0,6.0
5,60,92,1031,490,6,,
5,80,92,1031,487,6,,
07:04.4,5,5,100,92,1031,490.0,6.0
5,110,93,1031,488,6,,
6,120,93,1031,488,6,,
31:59.7,5,6,140,94,1031,488.0,6.0
7,140,94,1031,486,6,,
7,150,95,1031,487,6,,
56:56.4,6,8,160,95,1031,489.0,6.0
8,170,95,1031,490,6,,
9,180,95,1031,486,6,,
21:59.6,7,9,180,95,1031,489.0,6.0
9,180,95,1031,491,6,,
10,180,94,1031,492,6,,
46:56.1,7,10,190,94,1031,487.0,6.0
11,190,94,1031,489,6,,
11,210,94,1030,493,6,,
12:00.3,8,12,220,93,1030,492.0,6.0
12,220,93,1030,491,6,,
12,230,92,1030,492,6,,
37:02.6,9,13,220,91,1030,492.0,6.0
13,230,91,1030,488,6,,
13,220,90,1030,491,6,,
01:58.9,10,14,220,89,1030,488.0,6.0
14,220,88,1029,488,6,,
14,230,86,1029,491,6,,
26:58.5,10,14,230,85,1029,492.0,6.0
15,230,85,1029,490,6,,
15,220,84,1029,487,6,,
51:59.1,11,15,220,83,1029,482.0,6.0
15,220,82,1029,487,6,,
15,220,82,1029,484,6,,
16:58.9,11,15,220,82,1029,484.0,6.0
15,220,82,1029,485,6,,
16,220,81,1029,483,6,,
41:59.8,12,16,210,80,1029,483.0,6.0
16,210,81,1028,482,6,,
16,200,80,1028,482,6,,
07:05.6,12,16,200,80,1028,482.0,6.0
16,200,80,1028,482,6,,
16,190,79,1028,483,6,,
31:58.8,12,16,170,79,1029,482.0,6.0
16,160,79,1028,480,6,,
16,140,79,1029,483,6,,
57:04.2,12,16,120,78,1029,480.0,6.0
16,110,78,1029,481,6,,
16,80,78,1029,477,6,,
21:58.2,12,15,50,77,1029,477.0,6.0
15,30,76,1029,478,6,,
15,0,76,1029,476,6,,
46:57.1,11,14,0,78,1029,477.0,6.0
14,0,78,1029,476,6,,
14,0,79,1029,479,6,,
12:00.6,11,13,0,80,1029,479.0,6.0
13,0,80,1029,475,6,,
13,0,81,1029,475,6,,
37:03.4,10,12,0,81,1029,474.0,6.0
12,0,82,1029,477,6,,
11,0,82,1029,475,6,,
01:56.1,10,11,0,83,1029,475.0,6.0
11,0,83,1029,472,6,,
10,0,84,1029,475,6,,
26:59.9,10,10,0,84,1029,473.0,6.0
10,0,85,1030,473,6,,
10,0,85,1030,472,6,,
51:58.4,9,9,0,86,1030,471.0,6.0
9,0,86,1030,474,6,,
9,0,86,1030,474,6,,
17:01.5,9,9,0,87,1030,474.0,6.0
9,0,87,1030,473,6,,
9,0,87,1030,476,6,,
42:01.8,9,8,0,87,1030,472.0,6.0
8,0,88,1030,475,6,,
8,0,88,1030,473,6,,
07:10.0,8,8,0,88,1030,473.0,6.0
8,0,88,1030,475,6,,
8,0,88,1030,471,6,,
31:56.4,8,8,0,88,1030,473.0,6.0
8,0,88,1030,476,6,,
8,0,88,1030,478,6,,
56:59.8,8,8,0,88,1030,478.0,6.0
8,0,88,1031,476,6,,
7,0,88,1030,475,6,,
11:56.2,8,7,0,88,1031,475.0,6.0
7,0,88,1031,476,6,,
7,0,89,1031,474,6,,
37:03.2,7,7,0,89,1031,476.0,6.0
7,0,89,1031,477,6,,
7,0,89,1031,480,6,,
02:00.6,7,7,0,89,1031,476.0,6.0
7,0,89,1031,479,6,,
7,0,89,1031,479,6,,
26:59.9,7,7,0,89,1031,477.0,6.0
7,0,89,1031,480,6,,
7,0,89,1031,480,6,,
51:57.2,7,7,0,89,1031,478.0,6.0
7,0,89,1031,478,6,,
7,0,89,1031,478,6,,
17:03.3,7,6,0,89,1031,478.0,6.0
6,0,89,1031,479,6,,
6,0,89,1031,479,6,,
42:02.3,7,6,0,89,1031,481.0,6.0
6,0,89,1031,482,6,,
6,0,89,1031,480,6,,
07:08.8,6,6,0,89,1031,481.0,6.0
6,0,89,1031,482,6,,
6,0,90,1031,482,6,,
31:51.7,6,6,0,90,1030,481.0,6.0
6,0,90,1031,481,6,,
6,0,90,1030,481,6,,
56:56.7,6,6,0,90,1030,482.0,6.0
6,0,90,1030,482,6,,
6,0,90,1030,483,6,,
21:56.8,6,6,0,90,1030,481.0,6.0
6,0,90,1030,481,6,,
6,0,90,1030,483,6,,
46:52.7,6,6,0,90,1030,482.0,6.0
6,0,90,1030,482,6,,
6,0,90,1030,482,6,,
11:57.3,6,6,0,90,1030,484.0,6.0
6,0,90,1030,481,6,,
6,0,90,1030,483,6,,
36:57.4,6,6,0,90,1030,483.0,6.0
6,0,90,1030,482,6,,
5,0,90,1030,483,6,,
02:00.2,6,5,0,90,1030,485.0,6.0
5,0,90,1030,486,6,,
5,0,90,1030,483,6,,
27:00.1,6,5,0,90,1030,486.0,6.0
5,0,90,1030,489,6,,
5,0,90,1030,486,6,,
51:54.9,5,5,0,90,1030,487.0,6.0
5,0,90,1030,486,6,,
5,0,90,1030,487,6,,
16:52.1,5,5,0,90,1030,487.0,6.0
5,0,90,1030,486,6,,
5,0,90,1030,487,6,,
41:57.2,5,5,0,90,1029,485.0,6.0
5,0,90,1029,487,6,,
5,0,90,1029,490,6,,
07:02.6,5,5,0,90,1029,488.0,6.0
5,0,90,1029,487,6,,
5,0,90,1029,485,6,,
31:51.7,5,5,0,90,1029,489.0,6.0
5,0,90,1029,486,6,,
5,0,90,1029,487,6,,
56:57.4,5,5,0,90,1029,487.0,6.0
5,0,90,1029,488,6,,
5,0,90,1029,487,6,,
21:52.7,5,5,0,90,1029,487.0,6.0
5,0,90,1029,488,6,,
5,0,90,1029,485,6,,
46:53.6,5,5,0,90,1029,490.0,6.0
5,0,90,1029,489,6,,
5,0,90,1029,488,6,,
11:56.0,5,5,0,90,1029,489.0,6.0
5,0,90,1029,489,6,,
5,0,90,1029,491,6,,
36:57.7,5,5,0,90,1029,487.0,6.0
5,0,90,1029,492,6,,
5,0,90,1030,488,6,,
01:54.8,5,5,0,90,1029,488.0,6.0
5,0,90,1029,489,6,,
5,0,90,1030,493,6,,
26:58.7,4,5,0,90,1030,489.0,6.0
5,0,90,1030,492,6,,
5,0,90,1030,489,6,,
51:56.8,4,5,0,90,1030,492.0,6.0
5,0,90,1030,493,6,,
5,10,91,1030,495,6,,
16:57.6,4,5,20,91,1030,492.0,6.0
5,30,91,1030,493,6,,
5,70,91,1030,491,6,,
41:58.4,5,5,100,92,1030,489.0,6.0
5,120,92,1030,493,6,,
5,130,92,1030,493,6,,
07:03.5,5,6,150,93,1030,490.0,6.0
6,160,93,1030,490,6,,
6,170,94,1030,493,6,,
31:53.8,6,7,180,95,1030,491.0,6.0
7,190,95,1030,493,6,,
8,190,95,1030,493,6,,
57:01.3,6,9,200,95,1030,493.0,6.0
9,210,95,1030,493,6,,
9,210,95,1030,491,6,,
21:57.9,7,10,230,95,1030,492.0,6.0
10,240,95,1030,489,6,,
11,240,94,1030,495,6,,
46:59.9,8,12,240,94,1030,492.0,6.0
12,240,94,1030,494,6,,
12,240,92,1030,491,6,,
11:58.5,9,13,240,91,1030,494.0,6.0
13,250,90,1030,495,6,,
13,250,89,1030,492,6,,
39:07.8,9,14,250,88,1030,489.0,6.0
14,250,87,1030,497,6,,
14,260,86,1030,492,6,,
02:07.7,10,15,250,86,1030,489.0,6.0
15,250,85,1030,489,6,,
15,250,84,1029,492,6,,
26:58.7,11,16,240,83,1029,491.0,6.0
16,240,83,1029,491,6,,
16,240,82,1029,491,6,,
51:58.2,11,16,250,82,1029,489.0,6.0
16,250,82,1029,487,6,,
17,260,81,1029,490,6,,
16:58.5,12,17,250,80,1029,485.0,6.0
17,260,80,1029,490,6,,
17,250,80,1029,490,6,,
42:02.7,12,17,240,79,1029,487.0,6.0
17,240,78,1029,486,6,,
17,230,78,1029,485,6,,
07:12.9,13,17,230,78,1029,484.0,6.0
17,220,78,1029,483,6,,
17,200,77,1029,482,6,,
31:53.5,13,17,190,77,1029,483.0,6.0
17,180,77,1029,482,6,,
17,160,77,1029,483,6,,
57:04.3,13,17,130,76,1029,485.0,6.0
17,120,76,1029,483,6,,
16,80,76,1029,483,6,,
21:56.9,13,16,40,76,1029,477.0,6.0
16,30,75,1029,480,6,,
15,0,76,1030,477,6,,
47:01.5,12,15,0,77,1030,474.0,6.0
15,0,77,1030,477,6,,
14,0,78,1030,474,6,,
11:58.9,12,14,0,79,1030,475.0,6.0
13,0,79,1030,476,6,,
13,0,80,1030,474,6,,
37:01.1,11,12,0,81,1030,476.0,6.0
12,0,81,1030,479,6,,
12,0,82,1030,476,6,,
01:59.1,11,11,0,83,1031,473.0,6.0
11,0,83,1031,476,6,,
11,0,84,1031,476,6,,
27:05.0,10,10,0,85,1031,476.0,6.0
10,0,85,1031,475,6,,
10,0,85,1031,471,6,,
52:00.7,10,10,0,86,1031,475.0,6.0
10,0,86,1031,477,6,,
9,0,86,1031,474,6,,
16:57.6,9,9,0,87,1031,479.0,6.0
9,0,87,1031,477,6,,
9,0,87,1031,473,6,,
42:01.0,9,9,0,87,1032,473.0,6.0
9,0,88,1032,476,6,,
9,0,88,1032,476,6,,
07:14.3,9,9,0,88,1032,475.0,6.0
8,0,88,1032,479,6,,
8,0,88,1032,479,6,,
32:07.8,8,8,0,88,1032,477.0,6.0
8,0,89,1032,475,6,,
8,0,88,1032,478,6,,
57:00.1,8,8,0,88,1032,475.0,6.0
8,0,88,1032,480,6,,
8,0,88,1032,480,6,,
21:56.8,8,8,0,89,1032,477.0,6.0
8,0,89,1032,482,6,,
8,0,89,1032,481,6,,
46:57.1,8,8,0,89,1032,481.0,6.0
8,0,89,1032,480,6,,
7,0,89,1032,482,6,,
12:01.1,8,7,0,89,1032,480.0,6.0
7,0,89,1032,482,6,,
7,0,89,1032,480,6,,
37:04.1,7,7,0,89,1032,481.0,6.0
7,0,89,1032,480,6,,
7,0,89,1032,480,6,,
01:58.2,7,7,0,89,1032,483.0,6.0
7,0,89,1032,480,6,,
7,0,89,1032,483,6,,
27:01.2,7,7,0,89,1032,483.0,6.0
7,0,89,1032,483,6,,
7,0,89,1032,482,6,,
51:59.6,7,7,0,90,1032,482.0,6.0
7,0,90,1032,489,6,,
7,0,90,1032,483,6,,
16:57.9,7,7,0,90,1032,484.0,6.0
7,0,90,1033,485,6,,
6,0,90,1032,484,6,,
41:57.5,7,6,0,89,1032,481.0,6.0
6,0,89,1032,485,6,,
6,0,89,1032,484,6,,
07:09.6,7,6,0,90,1032,483.0,6.0
6,0,89,1032,483,6,,
6,0,90,1032,483,6,,
31:53.8,6,6,0,90,1032,482.0,6.0
6,0,90,1032,486,6,,
6,0,90,1032,483,6,,
56:56.0,7,6,0,90,1032,484.0,6.0
6,0,90,1032,483,6,,
6,0,90,1032,483,6,,
21:56.7,6,6,0,90,1032,484.0,6.0
6,0,90,1032,483,6,,
6,0,90,1032,486,6,,
46:53.5,6,6,0,90,1032,483.0,6.0
6,0,90,1032,483,6,,
6,0,90,1032,485,6,,
11:56.0,6,6,0,90,1032,486.0,6.0
6,0,90,1032,483,6,,
6,0,90,1032,483,6,,
36:56.7,6,6,0,90,1032,485.0,6.0
6,0,90,1032,485,6,,
6,0,90,1032,484,6,,
01:53.0,6,6,0,90,1032,485.0,6.0
6,0,90,1032,486,6,,
6,0,90,1032,483,6,,
26:57.9,6,5,0,90,1031,485.0,6.0
5,0,90,1031,487,6,,
5,0,90,1031,487,6,,
51:54.7,5,5,0,90,1031,486.0,6.0
5,0,90,1031,484,6,,
5,0,90,1031,485,6,,
16:53.8,5,5,0,90,1031,486.0,6.0
5,0,90,1031,487,6,,
5,0,90,1031,486,6,,
42:00.6,5,5,0,90,1031,486.0,6.0
5,0,90,1031,484,6,,
5,0,90,1031,485,6,,
07:07.5,5,5,0,90,1031,484.0,6.0
5,0,90,1031,486,6,,
5,0,90,1031,487,6,,
31:53.8,5,5,0,90,1031,489.0,6.0
5,0,90,1031,488,6,,
5,0,90,1031,487,6,,
57:00.0,5,5,0,90,1031,485.0,6.0
5,0,90,1031,486,6,,
5,0,90,1031,487,6,,
21:54.2,5,5,0,90,1031,486.0,6.0
5,0,90,1031,487,6,,
5,0,90,1031,486,6,,
46:56.5,5,5,0,90,1031,488.0,6.0
5,0,90,1031,486,6,,
5,0,90,1031,483,6,,
12:01.9,5,5,0,90,1031,484.0,6.0
5,0,90,1031,490,6,,
5,0,90,1031,487,6,,
36:58.0,5,5,0,90,1031,490.0,6.0
5,0,90,1031,487,6,,
5,0,90,1031,490,6,,
01:55.8,5,5,0,91,1031,489.0,6.0
5,0,91,1031,487,6,,
5,10,91,1031,488,6,,
26:58.5,5,5,30,91,1031,486.0,6.0
5,40,92,1031,490,6,,
5,60,92,1031,491,6,,
51:59.2,5,5,80,92,1031,487.0,6.0
5,80,92,1031,492,6,,
6,100,93,1031,489,6,,
16:54.2,5,6,110,93,1031,491.0,6.0
6,120,94,1031,491,6,,
7,130,94,1031,491,6,,
41:58.6,6,8,130,95,1031,493.0,6.0
8,130,94,1031,494,6,,
8,140,94,1031,496,6,,
07:08.2,7,9,150,94,1031,494.0,6.0
9,150,94,1031,494,6,,
10,160,94,1031,493,6,,
31:54.5,7,10,160,94,1031,494.0,6.0
10,170,94,1031,494,6,,
11,170,94,1031,497,6,,
56:58.8,8,11,180,94,1030,498.0,6.0
12,180,93,1030,496,6,,
12,180,93,1030,497,6,,
22:01.0,9,12,180,92,1030,496.0,6.0
13,180,92,1030,497,6,,
13,180,92,1030,494,6,,
46:57.2,10,13,180,91,1030,501.0,6.0
14,180,90,1030,499,6,,
14,180,89,1029,498,6,,
11:58.0,10,14,190,88,1029,499.0,6.0
15,190,88,1029,497,6,,
15,180,87,1029,497,6,,
37:05.8,11,15,170,86,1029,497.0,6.0
15,170,85,1029,495,6,,
16,180,84,1029,498,6,,
01:56.3,11,16,190,84,1028,496.0,6.0
16,190,83,1028,494,6,,
16,190,83,1028,498,6,,
27:04.7,12,16,190,82,1028,498.0,6.0
16,200,82,1028,494,6,,
17,190,81,1028,494,6,,
52:03.1,12,17,190,81,1028,493.0,6.0
17,180,80,1028,493,6,,
17,170,80,1028,492,6,,
17:02.7,12,17,160,80,1028,491.0,6.0
17,150,79,1028,492,6,,
17,140,79,1028,491,6,,
42:14.3,12,16,120,79,1028,492.0,6.0
16,110,78,1028,492,6,,
16,90,78,1028,489,6,,
07:11.5,12,16,70,78,1028,490.0,6.0
16,50,78,1028,487,6,,
15,20,77,1028,482,6,,
31:58.1,12,15,10,77,1028,483.0,6.0
15,10,77,1028,485,6,,
14,0,77,1028,484,6,,
57:02.5,12,14,0,78,1028,481.0,6.0
13,0,79,1028,483,6,,
13,0,80,1028,479,6,,
21:59.3,11,13,0,81,1028,483.0,6.0
12,0,82,1028,483,6,,
12,0,82,1028,482,6,,
47:02.2,10,12,0,83,1028,482.0,6.0
12,0,83,1028,483,6,,
11,0,83,1028,484,6,,
11:59.9,10,11,0,84,1028,480.0,6.0
11,0,84,1028,479,6,,
10,0,85,1028,480,6,,
37:01.7,10,10,0,85,1028,480.0,6.0
10,0,85,1028,482,6,,
10,0,86,1029,480,6,,
01:55.4,9,9,0,86,1029,480.0,6.0
9,0,86,1029,483,6,,
9,0,87,1029,482,6,,
26:59.5,9,9,0,87,1029,485.0,6.0
9,0,87,1029,482,6,,
9,0,88,1029,482,6,,
51:59.4,9,9,0,88,1029,484.0,6.0
9,0,88,1029,482,6,,
8,0,88,1029,482,6,,
16:58.3,8,8,0,88,1029,481.0,6.0
8,0,88,1029,484,6,,
8,0,88,1028,485,6,,
41:59.8,8,8,0,88,1028,483.0,6.0
8,0,89,1028,484,6,,
8,0,89,1028,485,6,,
07:07.6,8,8,0,89,1028,485.0,6.0
8,0,89,1028,484,6,,
8,0,89,1028,486,6,,
31:57.8,8,8,0,89,1028,487.0,6.0
8,0,89,1028,486,6,,
7,0,89,1028,487,6,,
56:59.0,8,7,0,89,1028,487.0,6.0
7,0,89,1028,489,6,,
7,0,89,1028,486,6,,
21:54.9,7,7,0,89,1028,490.0,6.0
7,0,89,1028,491,6,,
7,0,89,1028,487,6,,
46:53.7,7,7,0,90,1028,490.0,6.0
7,0,90,1028,492,6,,
7,0,90,1028,489,6,,
11:57.9,7,7,0,90,1028,493.0,6.0
7,0,90,1028,490,6,,
7,0,89,1028,489,6,,
36:58.1,7,7,0,90,1028,492.0,6.0
7,0,90,1028,491,6,,
7,0,90,1028,492,6,,
01:58.0,7,7,0,90,1028,492.0,6.0
7,0,90,1028,494,6,,
7,0,90,1028,493,6,,
26:55.0,7,7,0,90,1028,495.0,6.0
7,0,90,1028,491,6,,
6,0,90,1028,493,6,,
51:55.4,7,6,0,90,1028,492.0,6.0
6,0,90,1027,493,6,,
6,0,90,1027,496,6,,
16:54.8,6,6,0,90,1027,496.0,6.0
6,0,90,1027,497,6,,
6,0,90,1027,496,6,,
42:01.0,6,6,0,90,1027,497.0,6.0
6,0,90,1027,495,6,,
6,0,90,1027,496,6,,
07:05.2,6,6,0,90,1027,493.0,6.0
6,0,90,1027,496,6,,
6,0,90,1027,498,6,,
31:55.2,6,6,0,90,1027,497.0,6.0
6,0,90,1027,497,6,,
6,0,90,1027,498,6,,
56:58.1,6,6,0,90,1027,500.0,6.0
6,0,90,1027,498,6,,
6,0,90,1027,498,6,,
21:54.8,6,6,0,90,1027,500.0,6.0
6,0,90,1027,500,6,,
6,0,90,1027,498,6,,
46:54.6,6,6,0,90,1027,500.0,6.0
6,0,90,1027,501,6,,
6,0,90,1027,501,6,,
11:58.4,6,6,0,90,1027,500.0,6.0
6,0,90,1027,497,6,,
6,0,90,1027,497,6,,
36:59.0,6,6,0,90,1027,500.0,6.0
6,0,90,1027,503,6,,
6,0,90,1027,501,6,,
01:51.7,6,6,0,90,1027,500.0,6.0
6,0,90,1027,502,6,,
6,0,90,1027,502,6,,
26:58.4,6,6,0,90,1027,503.0,6.0
5,0,90,1027,505,6,,
5,0,90,1027,503,6,,
51:59.0,5,5,0,90,1027,504.0,6.0
5,0,90,1027,503,6,,
5,0,90,1027,503,6,,
16:54.6,5,5,0,90,1027,505.0,6.0
5,0,90,1027,505,6,,
5,0,90,1027,505,6,,
41:57.5,5,5,0,90,1027,508.0,6.0
5,0,90,1027,504,6,,
5,0,90,1027,503,6,,
07:02.5,5,5,0,90,1027,505.0,6.0
5,0,90,1027,506,6,,
5,0,90,1027,506,6,,
31:55.5,5,5,0,90,1027,503.0,6.0
5,0,90,1027,507,6,,
5,0,90,1027,508,6,,
56:59.6,5,5,0,90,1027,502.0,6.0
5,0,90,1027,506,6,,
5,0,90,1027,510,6,,
21:57.9,5,5,0,90,1027,509.0,6.0
5,0,90,1027,509,6,,
5,0,90,1027,510,6,,
47:04.1,5,5,0,90,1027,509.0,6.0
5,0,90,1027,511,6,,
5,10,91,1027,509,6,,
12:01.8,5,5,10,91,1027,510.0,6.0
5,20,91,1027,510,6,,
5,30,91,1027,510,6,,
36:59.0,5,5,40,91,1027,511.0,6.0
5,50,91,1027,512,6,,
5,70,92,1027,510,6,,
01:57.0,5,6,80,92,1027,512.0,6.0
6,80,92,1027,508,6,,
6,90,93,1027,511,6,,
26:59.3,6,6,100,93,1027,512.0,6.0
7,110,93,1027,512,6,,
7,110,94,1027,511,6,,
51:59.7,6,8,120,94,1027,515.0,6.0
8,130,94,1028,514,6,,
9,4010,94,1028,513,6,,
16:56.1,8,11,32980,93,1027,512.0,6.0
11,34820,63,1027,478,6,,
11,38630,56,1027,457,6,,
42:00.2,9,12,35730,50,1027,456.0,6.0
12,38110,50,1027,457,6,,
12,45990,50,1027,455,6,,
07:18.6,10,12,39190,46,1027,457.0,6.0
12,40650,46,1027,452,6,,
11,42670,44,1027,453,6,,
31:59.7,11,10,47110,46,1026,457.0,6.0
11,48430,43,1026,465,6,,
10,43770,43,1026,455,6,,
56:59.6,11,9,37250,41,1026,448.0,6.0
9,43800,42,1026,448,6,,
10,47100,41,1026,453,6,,
21:55.8,13,12,49050,58,1026,454.0,6.0
14,170,63,1026,463,6,,
15,170,67,1026,468,6,,
46:55.1,14,17,170,69,1025,474.0,6.0
17,160,69,1025,479,6,,
17,160,70,1026,479,6,,
11:59.9,14,18,160,71,1025,481.0,6.0
18,150,71,1025,480,6,,
18,150,72,1025,480,6,,
37:01.9,14,18,150,73,1025,484.0,6.0
18,140,73,1025,484,6,,
18,130,73,1025,487,6,,
02:02.2,14,18,140,73,1025,485.0,6.0
18,130,73,1025,489,6,,
18,120,74,1025,489,6,,
27:05.1,14,17,110,74,1025,487.0,6.0
17,100,74,1026,487,6,,
17,90,74,1026,485,6,,
51:59.8,14,17,70,74,1026,489.0,6.0
17,60,74,1026,490,6,,
17,50,73,1026,488,6,,
16:56.0,14,16,30,74,1026,490.0,6.0
16,20,74,1026,492,6,,
16,10,74,1026,488,6,,
42:00.6,13,15,10,74,1026,489.0,6.0
15,10,75,1026,488,6,,
15,0,75,1026,493,6,,
07:08.4,13,14,0,77,1026,491.0,6.0
14,0,78,1026,489,6,,
14,0,80,1026,489,6,,
31:56.0,12,13,0,80,1026,493.0,6.0
13,0,81,1026,494,6,,
13,0,81,1026,495,6,,
57:01.1,12,12,0,81,1026,497.0,6.0
12,0,81,1026,496,6,,
12,0,82,1026,497,6,,
22:00.5,11,12,0,82,1027,499.0,6.0
12,0,83,1027,496,6,,
11,0,83,1027,497,6,,
46:56.8,11,11,0,84,1027,500.0,6.0
11,0,84,1027,497,6,,
11,0,84,1027,497,6,,
12:01.3,10,11,0,85,1027,498.0,6.0
11,0,85,1027,498,6,,
10,0,85,1027,492,6,,
36:59.8,10,10,0,85,1028,496.0,6.0
10,0,85,1028,499,6,,
10,0,86,1028,500,6,,
01:56.4,10,10,0,86,1028,500.0,6.0
10,0,86,1028,501,6,,
10,0,86,1028,497,6,,
26:55.8,10,10,0,86,1028,499.0,6.0
10,0,86,1028,499,6,,
9,0,87,1028,499,6,,
51:54.8,9,9,0,87,1028,499.0,6.0
9,0,87,1028,500,6,,
9,0,87,1029,500,6,,
17:01.5,9,9,0,87,1029,498.0,6.0
9,0,87,1029,501,6,,
9,0,87,1029,498,6,,
41:59.5,9,9,0,87,1029,499.0,6.0
9,0,87,1029,500,6,,
9,0,87,1029,501,6,,
07:09.0,9,9,0,87,1029,501.0,6.0
9,0,87,1029,501,6,,
9,0,88,1029,501,6,,
31:58.3,9,8,0,88,1029,502.0,6.0
8,0,88,1029,501,6,,
8,0,88,1030,502,6,,
57:01.9,8,8,0,88,1030,501.0,6.0
8,0,88,1030,499,6,,
8,0,88,1030,504,6,,
22:00.1,8,8,0,88,1030,502.0,6.0
8,0,88,1030,500,6,,
8,0,88,1030,506,6,,
46:56.7,8,8,0,88,1030,504.0,6.0
8,0,88,1030,501,6,,
8,0,88,1030,502,6,,
11:58.1,8,8,0,88,1030,505.0,6.0
8,0,88,1030,504,6,,
8,0,88,1030,502,6,,
36:57.5,8,8,0,88,1030,505.0,6.0
8,0,88,1030,502,6,,
8,0,88,1030,501,6,,
01:54.2,8,8,0,88,1030,500.0,6.0
8,0,88,1030,505,6,,
7,0,88,1030,502,6,,
26:59.4,8,7,0,88,1030,504.0,6.0
7,0,88,1030,504,6,,
7,0,88,1030,507,6,,
51:53.9,7,7,0,88,1030,502.0,6.0
7,0,88,1030,505,6,,
7,0,88,1031,501,6,,
16:55.7,7,7,0,88,1030,501.0,6.0
7,0,89,1030,506,6,,
7,0,89,1031,504,6,,
42:00.5,7,7,0,88,1031,505.0,6.0
7,0,88,1031,505,6,,
7,0,89,1031,504,6,,
07:07.2,7,7,0,89,1031,505.0,6.0
7,0,89,1031,507,6,,
7,0,89,1031,505,6,,
31:57.5,7,7,0,89,1031,504.0,6.0
7,0,89,1031,504,6,,
7,0,89,1031,504,6,,
56:59.3,7,7,0,89,1031,504.0,6.0
7,0,89,1031,503,6,,
7,0,89,1031,499,6,,
21:56.3,7,7,0,89,1031,503.0,6.0
7,0,89,1031,503,6,,
7,0,89,1031,501,6,,
46:55.2,7,7,0,89,1031,502.0,6.0
6,0,89,1031,503,6,,
6,0,89,1031,501,6,,
12:00.3,7,6,0,89,1031,502.0,6.0
6,0,89,1031,503,6,,
6,0,89,1031,504,6,,
37:00.7,6,6,0,89,1031,504.0,6.0
6,0,89,1031,502,6,,
6,0,89,1031,503,6,,
02:02.9,6,6,0,89,1031,505.0,6.0
6,0,89,1031,502,6,,
6,0,89,1031,503,6,,
26:59.9,6,6,0,89,1032,505.0,6.0
6,0,89,1032,503,6,,
6,0,89,1032,504,6,,
51:57.1,6,6,0,89,1032,502.0,6.0
6,0,89,1032,502,6,,
6,0,89,1032,503,6,,
16:50.5,6,6,0,89,1032,505.0,6.0
6,0,89,1032,503,6,,
6,0,89,1032,502,6,,
41:54.6,6,6,0,89,1032,502.0,6.0
6,0,89,1032,502,6,,
6,0,89,1033,503,6,,
07:05.7,6,6,0,89,1033,503.0,6.0
6,0,89,1033,502,6,,
6,0,89,1033,504,6,,
31:53.9,6,6,0,89,1033,502.0,6.0
6,0,89,1033,504,6,,
6,0,90,1033,504,6,,
57:00.6,6,6,0,90,1033,506.0,6.0
6,0,90,1033,505,6,,
6,10,90,1033,501,6,,
21:53.8,6,6,10,91,1033,501.0,6.0
6,30,91,1033,502,6,,
6,40,91,1033,506,6,,
46:54.8,6,6,60,91,1034,505.0,6.0
7,70,92,1034,502,6,,
7,90,92,1034,506,6,,
11:58.4,6,7,110,93,1034,508.0,6.0
7,110,93,1034,506,6,,
8,130,93,1034,503,6,,
36:58.5,7,8,130,94,1034,508.0,6.0
9,140,94,1034,507,6,,
9,150,94,1034,505,6,,
01:55.1,8,10,150,94,1034,509.0,6.0
10,150,94,1034,508,6,,
10,160,94,1034,506,6,,
26:59.7,8,11,160,94,1034,511.0,6.0
11,160,94,1034,512,6,,
12,160,93,1034,511,6,,
52:00.4,9,12,180,93,1034,512.0,6.0
12,180,92,1034,512,6,,
13,180,91,1034,510,6,,
16:57.7,10,13,190,90,1034,512.0,6.0
13,180,89,1034,509,6,,
14,180,88,1033,513,6,,
42:01.5,10,14,180,87,1033,513.0,6.0
14,180,86,1033,509,6,,
15,170,86,1033,510,6,,
07:07.7,11,15,160,85,1033,508.0,6.0
15,160,85,1033,506,6,,
15,170,84,1033,508,6,,
31:55.8,11,15,170,83,1033,508.0,6.0
16,170,83,1033,509,6,,
16,190,83,1033,509,6,,
57:01.7,12,16,190,82,1033,511.0,6.0
16,180,82,1033,507,6,,
16,180,81,1033,506,6,,
21:56.6,12,16,180,81,1032,508.0,6.0
16,170,81,1032,508,6,,
17,160,80,1032,507,6,,
47:01.7,12,17,160,80,1032,504.0,6.0
17,150,79,1032,505,6,,
17,140,79,1032,506,6,,
12:01.9,13,17,140,79,1032,504.0,6.0
17,140,79,1032,503,6,,
17,130,78,1032,507,6,,
37:03.6,13,17,120,78,1032,504.0,6.0
17,110,78,1032,504,6,,
16,90,78,1032,501,6,,
01:57.5,13,16,70,77,1032,503.0,6.0
16,60,77,1031,502,6,,
16,40,77,1031,500,6,,
27:04.6,12,15,20,76,1032,499.0,6.0
15,10,77,1032,501,6,,
15,0,77,1032,497,6,,
51:57.4,12,14,0,78,1032,496.0,6.0
14,0,79,1032,494,6,,
14,0,80,1032,494,6,,
17:02.3,12,13,0,80,1032,494.0,6.0
13,0,81,1032,493,6,,
12,0,81,1032,492,6,,
42:03.2,11,12,0,82,1032,484.0,6.0
12,0,83,1032,485,6,,
11,0,83,1032,485,6,,
06:46.9,11,11,0,84,1033,485.0,6.0
11,0,84,1033,486,6,,
11,0,85,1033,487,6,,
31:38.3,10,10,0,85,1033,485.0,6.0
10,0,86,1033,485,6,,
10,0,86,1034,482,6,,
56:40.8,10,10,0,87,1034,489.0,6.0
10,0,87,1034,490,6,,
10,0,87,1034,487,6,,
21:42.1,10,10,0,87,1034,486.0,6.0
9,0,87,1034,489,6,,
9,0,88,1034,488,6,,
46:38.5,9,9,0,88,1034,485.0,6.0
9,0,88,1034,487,6,,
9,0,88,1034,487,6,,
11:40.4,9,9,0,88,1034,491.0,6.0
9,0,88,1034,488,6,,
9,0,88,1034,488,6,,
36:42.6,9,9,0,88,1034,492.0,6.0
9,0,88,1034,488,6,,
8,0,88,1034,489,6,,
01:38.5,9,8,0,88,1034,488.0,6.0
8,0,88,1034,490,6,,
8,0,88,1035,487,6,,
27:00.6,8,8,0,88,1035,490.0,6.0
8,0,88,1035,488,6,,
8,0,89,1035,490,6,,
51:56.9,8,8,0,89,1035,491.0,6.0
8,0,89,1035,492,6,,
8,0,89,1035,489,6,,
16:57.1,8,8,0,89,1035,486.0,6.0
8,0,89,1035,490,6,,
8,0,89,1035,488,6,,
42:01.0,8,8,0,89,1035,492.0,6.0
8,0,89,1035,492,6,,
7,0,89,1035,493,6,,
07:10.2,8,7,0,89,1035,494.0,6.0
7,0,89,1035,492,6,,
7,0,89,1035,490,6,,
31:57.4,8,7,0,89,1035,492.0,6.0
7,0,89,1035,494,6,,
7,0,89,1035,495,6,,
57:02.3,7,7,0,89,1035,493.0,6.0
7,0,89,1035,494,6,,
7,0,89,1035,495,6,,
21:57.6,7,7,0,89,1035,493.0,6.0
7,0,89,1035,493,6,,
7,0,89,1035,492,6,,
46:53.7,7,7,0,89,1035,489.0,6.0
7,0,89,1035,494,6,,
7,0,89,1035,493,6,,
12:04.9,7,7,0,90,1035,494.0,6.0
7,0,89,1035,493,6,,
7,0,90,1035,492,6,,
36:56.7,7,7,0,90,1035,492.0,6.0
7,0,90,1035,494,6,,
7,0,89,1035,496,6,,
01:55.0,7,6,0,89,1035,493.0,6.0
6,0,90,1035,495,6,,
6,0,89,1035,493,6,,
26:56.4,6,6,0,90,1035,498.0,6.0
6,0,90,1035,495,6,,
6,0,90,1035,495,6,,
51:57.2,6,6,0,90,1036,494.0,6.0
6,0,90,1036,498,6,,
6,0,90,1036,497,6,,
16:54.1,6,6,0,90,1036,496.0,6.0
6,0,90,1036,493,6,,
6,0,90,1035,498,6,,
41:56.5,6,6,0,90,1035,495.0,6.0
6,0,90,1035,498,6,,
6,0,90,1035,497,6,,
07:07.1,6,6,0,90,1035,496.0,6.0
6,0,90,1035,494,6,,
6,0,90,1035,497,6,,
31:52.1,6,6,0,90,1035,498.0,6.0
6,0,90,1035,500,6,,
6,0,90,1034,498,6,,
56:58.0,6,6,0,90,1034,499.0,6.0
6,0,90,1034,496,6,,
6,0,90,1034,496,6,,
21:56.4,6,6,0,90,1034,497.0,6.0
6,0,90,1034,496,6,,
6,0,90,1034,495,6,,
46:55.7,6,6,0,90,1034,499.0,6.0
6,0,90,1034,499,6,,
6,0,90,1034,497,6,,
11:56.6,6,6,0,90,1034,501.0,6.0
6,0,90,1034,502,6,,
5,0,90,1034,500,6,,
36:57.7,6,5,0,90,1034,499.0,6.0
5,0,90,1034,500,6,,
5,0,90,1034,499,6,,
01:55.4,5,5,0,90,1035,498.0,6.0
5,0,90,1035,500,6,,
5,0,90,1035,500,6,,
26:57.5,5,5,0,90,1035,501.0,6.0
5,0,90,1035,497,6,,
5,0,90,1035,500,6,,
51:53.5,5,5,0,90,1035,502.0,6.0
5,0,90,1035,500,6,,
5,0,90,1035,502,6,,
16:55.4,5,5,0,90,1035,501.0,6.0
5,0,90,1035,502,6,,
5,0,90,1035,501,6,,
41:58.3,5,5,0,90,1035,504.0,6.0
5,0,90,1035,501,6,,
5,0,91,1035,503,6,,
07:09.6,5,5,10,91,1035,501.0,6.0
5,10,91,1035,502,6,,
5,20,91,1035,501,6,,
31:55.0,5,5,40,91,1035,501.0,6.0
6,60,91,1035,502,6,,
6,80,92,1035,501,6,,
56:59.6,6,6,90,92,1035,500.0,6.0
6,110,92,1035,500,6,,
6,120,93,1035,501,6,,
21:56.2,6,7,130,94,1036,504.0,6.0
7,140,94,1036,503,6,,
8,150,94,1036,503,6,,
46:58.8,7,8,160,94,1036,504.0,6.0
9,160,94,1036,504,6,,
9,170,94,1036,502,6,,
11:57.5,7,10,170,94,1036,502.0,6.0
10,160,94,1036,501,6,,
10,180,94,1036,502,6,,
37:01.0,8,11,180,94,1035,500.0,6.0
11,180,93,1035,504,6,,
12,190,93,1035,501,6,,
01:59.6,9,12,190,92,1035,502.0,6.0
12,200,92,1034,500,6,,
13,200,91,1034,498,6,,
27:01.5,9,13,210,89,1034,499.0,6.0
13,210,88,1034,504,6,,
14,200,87,1034,502,6,,
51:57.4,10,14,210,86,1034,500.0,6.0
14,210,86,1034,503,6,,
14,210,85,1033,502,6,,
16:58.5,11,15,210,84,1033,500.0,6.0
15,210,84,1033,499,6,,
15,210,83,1033,497,6,,
42:01.5,11,15,210,83,1033,498.0,6.0
16,210,82,1033,497,6,,
16,200,82,1033,499,6,,
07:17.0,12,16,200,81,1032,498.0,6.0
16,200,81,1032,496,6,,
16,190,80,1032,494,6,,
32:00.8,12,16,190,80,1032,495.0,6.0
16,190,80,1032,491,6,,
16,180,79,1032,495,6,,
57:05.6,12,17,180,79,1032,494.0,6.0
17,170,79,1032,493,6,,
17,160,79,1032,493,6,,
21:59.6,12,17,150,78,1032,492.0,6.0
17,150,78,1032,495,6,,
17,130,78,1032,495,6,,
46:55.9,13,16,120,78,1032,499.0,6.0
16,110,77,1032,497,6,,
16,90,77,1032,494,6,,
11:58.3,13,16,60,77,1032,494.0,6.0
16,50,77,1032,495,6,,
15,20,76,1032,491,6,,
37:03.9,12,15,10,76,1032,491.0,6.0
15,10,76,1032,488,6,,
14,0,76,1032,490,6,,
01:58.6,12,14,0,77,1032,487.0,6.0
13,0,79,1032,486,6,,
13,0,80,1032,485,6,,
27:02.1,11,13,0,81,1031,483.0,6.0
12,0,81,1032,485,6,,
12,0,82,1032,487,6,,
52:00.2,11,12,0,82,1032,474.0,6.0
11,0,83,1032,473,6,,
11,0,84,1032,476,6,,
16:59.5,10,11,0,84,1032,473.0,6.0
11,0,85,1032,473,6,,
10,0,85,1032,469,6,,
42:01.6,10,10,0,85,1032,474.0,6.0
10,0,86,1032,470,6,,
10,0,86,1032,472,6,,
07:13.5,9,9,0,86,1032,470.0,6.0
9,0,86,1032,474,6,,
9,0,87,1032,470,6,,
31:58.2,9,9,0,87,1032,471.0,6.0
9,0,87,1032,469,6,,
9,0,87,1032,472,6,,
57:02.0,9,9,0,87,1032,472.0,6.0
8,0,88,1032,472,6,,
8,0,88,1032,473,6,,
22:06.0,8,8,0,88,1032,472.0,6.0
8,0,88,1032,473,6,,
8,0,88,1032,472,6,,
46:57.7,8,8,0,88,1032,472.0,6.0
8,0,88,1032,472,6,,
8,0,88,1032,472,6,,
11:58.9,8,8,0,88,1032,471.0,6.0
8,0,88,1032,472,6,,
8,0,89,1032,473,6,,
37:00.8,8,7,0,89,1032,473.0,6.0
7,0,89,1032,479,6,,
7,0,89,1032,474,6,,
01:57.5,8,7,0,89,1032,474.0,6.0
7,0,89,1032,473,6,,
7,0,89,1032,476,6,,
27:05.8,7,7,0,89,1032,477.0,6.0
7,0,89,1032,475,6,,
7,0,89,1032,477,6,,
51:53.6,7,7,0,89,1032,475.0,6.0
7,0,89,1032,476,6,,
7,0,89,1032,477,6,,
16:53.7,7,7,0,89,1032,481.0,6.0
7,0,89,1032,476,6,,
7,0,89,1032,478,6,,
41:57.0,7,7,0,89,1032,478.0,6.0
7,0,89,1032,476,6,,
7,0,89,1032,480,6,,
07:12.2,7,7,0,89,1032,476.0,6.0
7,0,89,1032,485,6,,
6,0,89,1032,482,6,,
31:56.7,7,6,0,89,1032,480.0,6.0
6,0,89,1032,478,6,,
6,0,89,1032,473,6,,
57:00.5,6,6,0,89,1032,481.0,6.0
6,0,89,1032,477,6,,
6,0,89,1031,477,6,,
21:55.6,6,6,0,90,1031,480.0,6.0
6,0,90,1031,478,6,,
6,0,90,1031,482,6,,
46:54.9,6,6,0,90,1031,479.0,6.0
6,0,90,1031,475,6,,
6,0,90,1031,475,6,,
11:58.0,6,6,0,90,1031,476.0,6.0
6,0,90,1031,485,6,,
6,0,90,1031,482,6,,
36:58.9,6,6,0,90,1031,480.0,6.0
6,0,90,1031,481,6,,
6,0,90,1031,489,6,,
01:54.2,6,6,0,90,1031,483.0,6.0
6,0,90,1031,478,6,,
6,0,90,1031,484,6,,
27:01.1,6,6,0,90,1031,476.0,6.0
6,0,90,1031,475,6,,
6,0,90,1031,482,6,,
51:54.0,6,6,0,90,1031,488.0,6.0
6,0,90,1031,483,6,,
6,0,90,1031,478,6,,
16:54.8,6,5,0,90,1031,482.0,6.0
5,0,90,1031,481,5,,
5,0,90,1030,484,6,,
42:05.9,6,5,0,90,1030,483.0,6.0
5,0,90,1030,478,6,,
5,0,90,1030,480,6,,
07:06.7,5,5,0,90,1030,478.0,6.0
5,0,90,1030,473,6,,
5,0,90,1030,478,6,,
31:55.8,5,5,0,90,1030,479.0,6.0
5,0,90,1030,478,6,,
5,0,90,1030,479,6,,
56:57.8,5,5,0,90,1030,477.0,6.0
5,0,90,1030,486,6,,
5,0,90,1030,482,6,,
21:54.7,5,5,0,90,1030,478.0,6.0
5,0,90,1030,481,6,,
5,0,90,1030,477,5,,
46:54.4,5,5,0,90,1030,481.0,6.0
5,0,90,1030,477,6,,
5,0,90,1030,480,6,,
11:57.5,5,5,0,90,1030,483.0,6.0
5,0,90,1030,481,6,,
5,0,90,1030,481,6,,
36:59.2,5,5,0,90,1030,485.0,5.0
5,0,90,1030,484,5,,
5,0,90,1030,482,6,,
01:53.6,5,5,0,90,1030,480.0,6.0
5,0,90,1030,485,5,,
5,0,90,1030,482,6,,
27:01.6,5,5,0,90,1030,480.0,6.0
5,0,90,1030,483,5,,
5,0,90,1030,485,6,,
52:01.2,5,5,0,91,1030,482.0,6.0
5,0,91,1030,486,6,,
5,0,91,1030,481,5,,
16:56.8,5,5,10,91,1030,484.0,6.0
5,20,91,1030,484,6,,
5,40,91,1030,482,5,,
42:03.8,5,5,60,92,1030,482.0,6.0
5,60,92,1030,486,5,,
6,80,92,1030,486,6,,
07:12.1,5,6,90,93,1030,483.0,6.0
6,90,93,1030,487,6,,
6,100,93,1030,485,6,,
31:58.0,6,7,110,94,1030,488.0,6.0
7,120,93,1030,485,6,,
8,130,94,1030,488,6,,
57:05.3,6,8,140,94,1030,485.0,6.0
9,150,94,1030,489,6,,
9,160,95,1030,489,6,,
21:59.6,7,10,160,94,1030,489.0,6.0
10,160,95,1030,493,6,,
11,160,94,1029,490,6,,
46:57.9,8,11,160,94,1029,488.0,6.0
11,170,94,1029,492,6,,
12,170,93,1029,492,6,,
12:05.5,9,12,170,93,1029,492.0,6.0
13,160,93,1029,495,6,,
13,170,92,1029,491,6,,
37:04.2,9,13,160,92,1028,495.0,6.0
14,160,91,1028,497,6,,
14,160,90,1028,496,6,,
01:59.2,10,14,160,89,1028,496.0,6.0
14,160,89,1028,497,6,,
15,160,89,1028,496,6,,
27:03.0,10,15,160,88,1028,496.0,6.0
15,160,87,1028,494,6,,
15,160,86,1028,498,6,,
52:02.1,11,16,150,84,1028,493.0,6.0
16,150,84,1027,495,6,,
16,150,83,1027,494,6,,
16:58.9,11,16,140,82,1027,494.0,6.0
16,140,82,1027,495,6,,
16,140,81,1027,496,6,,
42:01.7,12,16,140,81,1027,495.0,6.0
16,140,81,1027,494,6,,
16,130,81,1027,496,6,,
07:16.1,12,16,120,80,1027,495.0,6.0
16,120,80,1027,494,6,,
16,100,80,1027,494,6,,
32:07.7,12,16,90,80,1027,492.0,6.0
16,90,80,1027,490,6,,
16,80,80,1027,496,6,,
57:02.2,12,16,70,79,1027,491.0,6.0
16,60,79,1027,490,6,,
15,50,78,1027,492,6,,
22:02.8,12,15,30,78,1027,489.0,6.0
15,20,78,1027,487,6,,
15,10,78,1027,490,6,,
46:59.4,12,14,10,78,1027,490.0,6.0
14,10,78,1027,490,6,,
14,0,79,1027,487,6,,
12:03.9,11,13,0,80,1027,489.0,6.0
13,0,81,1027,486,6,,
13,0,82,1027,484,6,,
36:49.4,11,12,0,82,1027,483.0,6.0
12,0,82,1027,487,6,,
12,0,83,1027,487,6,,
01:38.3,10,11,0,83,1027,478.0,6.0
11,0,84,1028,483,6,,
11,0,84,1028,483,6,,
26:40.8,10,10,0,85,1028,481.0,6.0
10,0,85,1028,471,6,,
10,0,86,1028,476,6,,
51:39.6,10,10,0,86,1028,477.0,6.0
10,0,86,1028,476,6,,
9,0,87,1028,482,6,,
16:39.0,9,9,0,87,1028,479.0,6.0
9,0,87,1028,479,6,,
9,0,87,1028,476,6,,
41:42.2,9,9,0,88,1028,484.0,6.0
9,0,88,1028,473,5,,
9,0,88,1028,480,6,,
06:47.5,9,9,0,88,1028,476.0,5.0
9,0,88,1028,482,5,,
8,0,88,1028,481,6,,
31:37.3,8,8,0,88,1028,476.0,6.0
8,0,88,1028,478,5,,
8,0,89,1028,476,5,,
56:39.7,8,8,0,89,1028,482.0,5.0
8,0,89,1029,468,6,,
8,0,89,1029,473,6,,
21:37.4,8,8,0,89,1029,479.0,6.0
8,0,89,1029,474,6,,
8,0,89,1029,478,5,,
46:58.8,8,8,0,89,1029,485.0,6.0
8,0,89,1029,479,6,,
8,0,89,1029,483,5,,
12:02.3,8,7,0,89,1029,482.0,6.0
7,0,89,1029,480,5,,
7,0,90,1029,472,6,,
37:01.5,7,7,0,90,1029,478.0,6.0
7,0,90,1029,480,5,,
7,0,90,1029,482,5,,
01:55.3,7,7,0,90,1029,487.0,5.0
7,0,90,1029,487,5,,
7,0,90,1029,478,6,,
27:00.4,7,7,0,90,1029,484.0,5.0
7,0,90,1029,480,6,,
7,0,90,1029,481,5,,
51:57.4,7,7,0,90,1029,484.0,5.0
7,0,90,1029,483,5,,
7,0,90,1029,493,5,,
16:54.6,7,7,0,90,1029,485.0,5.0
7,0,90,1029,479,5,,
7,0,90,1029,486,6,,
42:00.6,7,7,0,90,1029,489.0,5.0
7,0,90,1029,477,6,,
7,0,90,1029,482,6,,
07:10.2,7,7,0,90,1029,483.0,6.0
7,0,90,1029,482,6,,
7,0,90,1029,486,6,,
31:55.5,7,7,0,90,1029,483.0,6.0
6,0,90,1029,482,5,,
6,0,90,1029,489,5,,
56:56.9,6,6,0,90,1029,486.0,6.0
6,0,90,1029,481,6,,
6,0,90,1029,484,6,,
21:57.1,6,6,0,90,1029,481.0,5.0
6,0,90,1029,488,5,,
6,0,90,1029,492,5,,
46:56.1,6,6,0,90,1029,487.0,6.0
6,0,90,1029,487,5,,
6,0,90,1029,483,5,,
11:57.7,6,6,0,90,1029,478.0,5.0
6,0,90,1029,481,6,,
6,0,90,1029,485,5,,
36:56.3,6,6,0,90,1029,475.0,6.0
6,0,90,1029,482,6,,
6,0,90,1029,487,6,,
01:57.3,6,6,0,90,1029,485.0,5.0
6,0,90,1029,485,5,,
6,0,90,1029,474,5,,
26:59.2,6,6,0,90,1029,479.0,5.0
6,0,90,1029,488,5,,
6,0,90,1029,479,5,,
51:55.0,6,6,0,90,1029,491.0,5.0
6,0,90,1029,480,5,,
6,0,91,1028,482,6,,
16:55.2,6,6,0,91,1028,489.0,5.0
6,0,91,1028,482,6,,
6,0,90,1028,487,6,,
41:59.2,6,6,0,90,1028,489.0,6.0
6,0,90,1028,474,6,,
6,0,90,1028,481,5,,
07:05.0,6,6,0,90,1028,486.0,5.0
6,0,90,1028,479,6,,
6,0,90,1029,486,6,,
31:55.1,6,6,0,90,1029,477.0,6.0
6,0,90,1029,495,5,,
6,0,90,1029,484,5,,
56:58.9,5,5,0,90,1029,483.0,6.0
5,0,90,1029,483,5,,
5,0,90,1029,487,6,,
21:54.5,5,5,0,90,1029,482.0,6.0
5,0,90,1029,481,5,,
5,0,90,1029,485,6,,
46:55.0,5,5,0,90,1029,480.0,5.0
5,0,90,1029,483,5,,
5,0,90,1029,484,6,,
12:00.4,5,5,0,90,1029,486.0,6.0
5,0,90,1029,484,5,,
5,0,90,1029,490,5,,
37:09.0,5,5,0,91,1029,480.0,5.0
5,0,91,1030,484,6,,
5,0,91,1030,490,5,,
01:57.5,5,5,0,91,1030,482.0,5.0
5,0,91,1030,483,5,,
5,10,91,1030,490,5,,
27:03.6,5,5,30,92,1030,486.0,5.0
5,40,92,1030,485,5,,
6,240,92,1030,491,5,,
52:00.2,5,6,270,92,1030,485.0,6.0
6,290,93,1030,489,5,,
6,310,94,1030,491,5,,
16:58.1,7,7,340,95,1030,489.0,6.0
8,350,95,1030,485,6,,
8,360,95,1030,488,6,,
42:10.4,8,9,390,96,1030,486.0,5.0
10,400,96,1030,484,6,,
10,410,96,1030,486,6,,
07:10.4,9,11,420,96,1030,485.0,6.0
12,420,95,1030,486,6,,
12,430,95,1030,481,6,,
31:57.8,10,13,440,93,1030,483.0,6.0
13,440,93,1030,478,6,,
14,450,91,1030,479,6,,
57:02.0,11,15,450,89,1030,484.0,6.0
15,460,89,1030,478,6,,
16,460,87,1030,477,6,,
21:59.5,12,16,470,86,1030,479.0,6.0
17,470,85,1030,477,6,,
17,470,84,1029,476,6,,
46:43.7,13,18,470,83,1029,471.0,6.0
18,470,82,1029,473,6,,
18,470,82,1029,471,6,,
11:39.1,14,19,470,81,1029,471.0,6.0
19,460,80,1029,471,6,,
19,460,79,1029,469,6,,
36:44.4,14,20,450,78,1029,468.0,6.0
20,450,78,1029,466,6,,
20,460,78,1029,464,6,,
01:40.1,15,20,440,77,1029,465.0,6.0
20,440,76,1029,462,6,,
21,430,76,1028,462,6,,
26:43.5,16,21,430,75,1028,461.0,6.0
21,420,74,1028,458,6,,
21,420,74,1028,458,6,,
51:44.6,16,21,410,73,1028,457.0,6.0
21,400,73,1028,457,6,,
21,390,72,1028,455,6,,
17:00.8,16,21,370,72,1028,456.0,6.0
21,360,71,1028,456,6,,
21,340,71,1028,451,6,,
42:04.5,16,21,310,70,1028,452.0,6.0
21,300,70,1028,450,6,,
21,270,69,1028,452,6,,
07:17.1,16,20,230,69,1028,449.0,6.0
20,200,70,1028,449,6,,
20,150,70,1028,447,6,,
32:02.9,16,19,80,70,1028,448.0,6.0
19,60,69,1028,443,6,,
18,40,70,1028,445,6,,
57:08.4,15,17,0,70,1028,446.0,6.0
17,0,72,1028,449,6,,
16,0,76,1028,445,6,,
21:42.2,14,15,0,78,1028,445.0,6.0
15,0,78,1028,446,6,,
15,0,79,1028,447,6,,
46:40.5,14,14,0,80,1028,448.0,6.0
14,0,81,1028,449,6,,
13,0,81,1028,448,6,,
11:43.8,13,13,0,82,1028,459.0,6.0
13,0,82,1028,459,6,,
12,0,83,1028,461,6,,
36:45.2,12,12,0,83,1028,459.0,6.0
12,0,84,1028,464,6,,
12,0,84,1028,461,6,,
01:43.4,12,11,0,85,1028,460.0,5.0
11,0,85,1028,462,5,,
11,0,85,1028,465,5,,
26:44.4,11,11,0,86,1028,463.0,6.0
11,0,86,1028,463,5,,
11,0,86,1028,466,5,,
51:40.0,11,10,0,87,1028,464.0,5.0
10,0,87,1028,466,6,,
10,0,87,1028,463,5,,
16:41.6,11,10,0,87,1028,468.0,5.0
10,0,88,1028,469,5,,
10,0,88,1029,469,5,,
41:40.6,10,10,0,88,1029,469.0,6.0
10,0,88,1029,469,6,,
10,0,88,1029,472,6,,
06:48.4,10,9,0,88,1029,473.0,5.0
9,0,89,1029,471,5,,
9,0,89,1029,472,5,,
31:40.1,10,9,0,89,1029,475.0,5.0
9,0,89,1029,477,6,,
9,0,89,1029,474,5,,
57:04.7,10,9,0,89,1029,476.0,5.0
9,0,89,1029,477,5,,
9,0,89,1029,477,5,,
21:53.8,9,9,0,89,1029,477.0,5.0
9,0,89,1029,480,6,,
9,0,89,1029,480,6,,
46:57.9,9,9,0,89,1029,479.0,6.0
9,0,89,1029,478,5,,
9,0,89,1029,484,6,,
12:01.4,9,8,0,89,1029,483.0,6.0
8,0,89,1029,482,6,,
8,0,89,1029,481,6,,
37:01.4,9,8,0,89,1029,480.0,6.0
8,0,89,1029,484,5,,
8,0,89,1029,483,5,,
01:57.0,9,8,0,90,1029,486.0,5.0
8,0,90,1029,484,6,,
8,0,90,1029,486,6,,
27:02.0,8,8,0,90,1029,486.0,6.0
8,0,90,1029,487,5,,
8,0,90,1029,488,5,,
51:55.7,8,8,0,90,1029,489.0,5.0
8,0,90,1029,490,6,,
8,0,90,1029,493,5,,
16:56.2,8,8,0,90,1029,488.0,6.0
8,0,90,1029,489,5,,
8,0,90,1029,491,5,,
42:07.1,8,8,0,90,1029,496.0,5.0
8,0,90,1029,493,5,,
8,0,90,1029,492,5,,
07:05.5,8,8,0,89,1029,495.0,5.0
8,0,89,1029,495,5,,
8,0,89,1029,494,5,,
31:55.9,8,8,0,89,1029,492.0,5.0
8,0,89,1029,496,5,,
8,0,89,1029,493,5,,
56:57.7,8,8,0,89,1029,496.0,5.0
7,0,89,1029,494,6,,
7,0,90,1029,496,5,,
21:57.0,8,7,0,90,1029,497.0,5.0
7,0,90,1029,498,5,,
7,0,90,1029,496,5,,
47:03.8,7,7,0,90,1029,498.0,5.0
7,0,90,1029,500,5,,
7,0,90,1029,500,5,,
11:58.0,7,7,0,90,1028,497.0,5.0
7,0,90,1028,499,5,,
7,0,90,1028,499,5,,
36:58.9,7,7,0,90,1028,501.0,5.0
7,0,90,1028,499,5,,
7,0,90,1028,498,6,,
01:56.9,7,7,0,90,1028,499.0,5.0
7,0,90,1028,500,5,,
7,0,90,1028,500,5,,
26:59.8,7,7,0,90,1028,499.0,5.0
7,0,90,1029,505,5,,
7,0,90,1028,498,5,,
51:55.4,7,7,0,90,1028,504.0,5.0
7,0,90,1028,504,6,,
7,0,90,1028,498,5,,
16:54.5,7,7,0,90,1028,502.0,5.0
7,0,90,1028,505,5,,
7,0,90,1028,502,5,,
41:55.4,7,7,0,90,1028,500.0,5.0
7,0,90,1028,501,5,,
7,0,90,1028,512,6,,
07:07.2,7,6,0,90,1028,495.0,5.0
6,0,90,1028,503,5,,
6,0,90,1029,507,6,,
31:55.3,7,6,0,90,1029,503.0,5.0
6,0,90,1029,507,5,,
6,0,90,1029,507,5,,
56:51.4,6,6,0,90,1029,506.0,5.0
6,0,90,1029,511,5,,
6,0,90,1029,502,5,,
21:58.8,6,6,0,90,1029,508.0,6.0
6,0,90,1029,506,6,,
6,0,90,1029,507,5,,
46:54.6,6,6,0,90,1029,506.0,5.0
6,0,90,1029,502,5,,
6,0,90,1029,498,5,,
11:57.9,6,6,900,91,1029,510.0,5.0
6,1070,91,1029,506,5,,
7,1390,91,1029,509,6,,
37:09.0,7,7,1680,91,1029,507.0,6.0
7,1780,91,1029,506,5,,
8,1860,91,1029,504,6,,
02:01.4,9,9,1980,91,1029,504.0,5.0
9,1960,91,1029,502,5,,
10,2060,91,1029,497,6,,
27:03.9,11,11,2080,91,1029,494.0,6.0
11,2110,91,1029,498,6,,
12,2130,90,1029,490,6,,
52:00.8,13,14,34690,87,1029,493.0,6.0
15,34480,84,1029,491,6,,
19,36110,70,1029,486,6,,
16:40.1,17,22,38160,62,1029,477.0,6.0
23,40870,59,1029,475,6,,
26,41220,54,1029,465,6,,
41:41.4,20,28,47040,55,1029,473.0,6.0
28,47960,58,1029,487,34,,
30,46130,53,1029,480,29,,
06:50.4,18,31,48040,41,1029,463.0,28.0
30,48120,35,1028,452,27,,
26,46190,30,1028,441,26,,
31:40.1,16,22,47870,34,1028,448.0,26.0
19,49600,38,1028,447,26,,
18,39870,37,1028,446,25,,
56:47.0,15,17,36290,41,1028,446.0,25.0
17,39980,38,1027,442,25,,
16,44750,41,1027,441,25,,
21:39.5,14,16,45740,37,1027,444.0,24.0
16,41970,40,1027,446,24,,
16,43580,43,1027,445,24,,
46:39.9,15,17,41490,43,1027,454.0,24.0
16,42980,43,1027,454,24,,
16,42170,46,1027,455,24,,
11:40.2,14,15,38200,40,1027,456.0,24.0
15,38180,42,1027,452,24,,
15,34560,45,1027,457,24,,
36:42.5,15,15,32990,40,1027,461.0,23.0
16,32880,42,1027,465,23,,
16,28840,40,1027,465,23,,
01:39.7,15,16,23080,44,1027,463.0,23.0
17,25220,53,1027,464,23,,
19,25060,60,1027,465,23,,
26:40.8,17,21,21480,61,1027,464.0,23.0
21,20120,60,1026,460,23,,
23,18150,58,1026,462,23,,
51:38.9,19,24,15280,56,1027,461.0,23.0
24,14350,55,1027,457,23,,
24,11860,54,1026,457,23,,
16:40.6,19,24,9670,54,1026,455.0,22.0
23,8560,54,1026,454,22,,
22,5550,55,1026,452,22,,
41:42.7,18,21,4860,57,1026,445.0,22.0
21,230,58,1026,446,22,,
19,0,63,1026,449,22,,
06:51.7,17,18,0,68,1026,452.0,22.0
18,0,70,1026,454,22,,
17,0,73,1026,455,22,,
31:38.7,16,17,0,75,1026,460.0,22.0
16,0,75,1026,460,22,,
16,0,77,1026,463,22,,
56:41.7,16,16,0,78,1026,465.0,22.0
15,0,79,1026,466,22,,
15,0,79,1026,466,22,,
21:42.2,15,15,0,80,1026,475.0,22.0
15,0,81,1026,481,22,,
14,0,81,1026,482,22,,
46:45.2,15,14,0,82,1026,482.0,22.0
14,0,82,1026,485,22,,
14,0,83,1026,485,22,,
11:43.4,14,13,0,83,1026,488.0,22.0
13,0,83,1025,488,22,,
13,0,84,1026,489,21,,
36:43.3,14,13,0,84,1026,494.0,21.0
13,0,84,1026,490,21,,
13,0,84,1025,493,21,,
01:37.6,14,13,0,85,1025,493.0,21.0
13,0,85,1025,495,21,,
12,0,85,1025,496,21,,
26:42.2,13,12,0,85,1025,498.0,21.0
12,0,85,1025,499,21,,
12,0,85,1025,502,21,,
51:40.7,13,12,0,86,1025,502.0,21.0
12,0,86,1025,501,21,,
12,0,86,1025,501,21,,
16:39.2,13,12,0,86,1025,507.0,21.0
12,0,86,1025,506,21,,
12,0,86,1025,506,21,,
41:40.9,12,11,0,86,1025,508.0,21.0
11,0,86,1025,511,21,,
11,0,86,1025,515,21,,
06:50.4,12,11,0,86,1025,505.0,21.0
11,0,86,1025,509,21,,
11,0,86,1026,512,21,,
31:57.6,12,11,0,87,1025,519.0,21.0
11,0,87,1025,515,21,,
11,0,87,1025,511,21,,
57:00.8,12,11,0,87,1025,518.0,21.0
11,0,87,1025,523,21,,
11,0,87,1025,513,21,,
21:54.8,12,11,0,87,1025,523.0,21.0
11,0,87,1025,524,21,,
10,0,87,1025,521,21,,
46:55.4,11,10,0,87,1025,519.0,21.0
10,0,87,1025,523,21,,
10,0,87,1025,520,21,,
12:00.7,11,10,0,88,1025,526.0,21.0
10,0,88,1025,530,21,,
10,0,88,1025,527,21,,
37:01.8,11,10,0,88,1025,527.0,21.0
10,0,88,1025,530,21,,
