time,value
1,14
2,14
3,20
4,19
5,19
6,18
7,18
8,18
9,19
10,19
11,20
12,19
13,19
14,19
15,18
16,17
17,17
18,16
19,16
20,16
21,16
22,17
23,18
24,19
25,19
26,20
27,21
28,21
29,21
30,20
31,21
32,21
33,21
34,22
35,22
36,22
37,22
38,22
39,22
40,22
41,22
42,21
43,21
44,21
45,21
46,20
47,20
48,19
49,18
50,18
51,17
52,16
53,16
54,15
55,15
56,14
57,14
58,13
59,13
60,12
61,12
62,11
63,11
64,11
65,11
66,11
67,11
68,11
69,11
70,11
71,11
72,11
73,11
74,11
75,11
76,11
77,11
78,11
79,11
80,11
81,11
82,11
83,11
84,11
85,11
86,11
87,11
88,11
89,11
90,11
91,11
92,11
93,11
94,11
95,11
96,11
97,11
98,10
99,10
100,10
101,10
102,10
103,10
104,10
105,10
106,10
107,10
108,10
109,10
110,10
111,10
112,10
113,10
114,10
115,10
116,10
117,10
118,10
119,10
120,10
121,10
122,10
123,10
124,9
125,9
126,9
127,9
128,9
129,9
130,9
131,9
132,9
133,9
134,9
135,9
136,9
137,9
138,9
139,9
140,9
141,9
142,9
143,9
144,9
145,9
146,9
147,9
148,9
149,9
150,9
151,9
152,9
153,9
154,9
155,9
156,9
157,9
158,9
159,8
160,8
161,8
162,8
163,8
164,8
165,8
166,8
167,8
168,8
169,8
170,8
171,8
172,8
173,8
174,8
175,8
176,8
177,8
178,8
179,8
180,8
181,8
182,8
183,8
184,8
185,8
186,8
187,8
188,8
189,8
190,8
191,8
192,8
193,8
194,8
195,8
196,8
197,7
198,7
199,7
200,7
201,7
202,7
203,7
204,7
205,7
206,7
207,7
208,7
209,7
210,7
211,7
212,7
213,7
214,7
215,7
216,7
217,7
218,7
219,7
220,7
221,7
222,7
223,7
224,7
225,7
226,7
227,7
228,7
229,7
230,7
231,7
232,7
233,7
234,7
235,7
236,7
237,7
238,7
239,7
240,7
241,7
242,7
243,7
244,7
245,7
246,7
247,7
248,7
249,7
250,7
251,7
252,7
253,7
254,7
255,7
256,7
257,7
258,7
259,7
260,8
261,8
262,9
263,9
264,10
265,11
266,11
267,12
268,13
269,14
270,15
271,16
272,16
273,17
274,17
275,17
276,17
277,17
278,17
279,17
280,17
281,17
282,17
283,18
284,18
285,18
286,17
287,17
288,18
289,18
290,19
291,18
292,18
293,18
294,19
295,19
296,19
297,18
298,18
299,19
300,20
301,21
302,21
303,21
304,21
305,21
306,21
307,20
308,19
309,19
310,19
311,20
312,20
313,20
314,20
315,20
316,21
317,22
318,22
319,21
320,22
321,22
322,22
323,22
324,22
325,22
326,21
327,21
328,21
329,20
330,20
331,20
332,19
333,19
334,19
335,18
336,18
337,17
338,17
339,16
340,16
341,15
342,15
343,14
344,14
345,14
346,13
347,13
348,13
349,13
350,12
351,12
352,12
353,12
354,12
355,12
356,12
357,12
358,12
359,12
360,12
361,12
362,12
363,12
364,12
365,12
366,12
367,12
368,12
369,12
370,12
371,12
372,12
373,12
374,12
375,12
376,12
377,12
378,12
379,12
380,12
381,12
382,12
383,12
384,11
385,11
386,11
387,11
388,11
389,11
390,11
391,11
392,11
393,11
394,11
395,11
396,11
397,11
398,11
399,11
400,11
401,11
402,11
403,11
404,11
405,11
406,11
407,11
408,11
409,11
410,11
411,11
412,11
413,11
414,11
415,11
416,11
417,11
418,11
419,11
420,11
421,11
422,10
423,11
424,10
425,11
426,11
427,11
428,10
429,10
430,10
431,10
432,10
433,10
434,10
435,10
436,10
437,10
438,10
439,10
440,10
441,10
442,10
443,10
444,10
445,10
446,10
447,10
448,10
449,10
450,10
451,10
452,10
453,10
454,10
455,10
456,9
457,9
458,9
459,9
460,9
461,9
462,9
463,9
464,9
465,9
466,9
467,9
468,9
469,9
470,9
471,9
472,9
473,9
474,9
475,9
476,9
477,9
478,9
479,9
480,9
481,9
482,9
483,9
484,9
485,9
486,9
487,9
488,9
489,9
490,9
491,9
492,9
493,9
494,9
495,9
496,9
497,9
498,9
499,9
500,9
501,9
502,9
503,9
504,9
505,9
506,9
507,9
508,9
509,9
510,9
511,9
512,9
513,9
514,9
515,9
516,9
517,9
518,9
519,9
520,9
521,9
522,9
523,9
524,9
525,9
526,9
527,9
528,9
529,9
530,9
531,9
532,9
533,9
534,9
535,9
536,9
537,9
538,9
539,9
540,9
541,9
542,9
543,9
544,9
545,9
546,9
547,9
548,9
549,10
550,10
551,10
552,11
553,11
554,11
555,12
556,12
557,13
558,13
559,13
560,13
561,13
562,13
563,13
564,14
565,14
566,15
567,15
568,15
569,16
570,16
571,16
572,17
573,17
574,17
575,18
576,18
577,19
578,18
579,17
580,17
581,16
582,16
583,16
584,16
585,16
586,16
587,17
588,17
589,18
590,17
591,17
592,17
593,18
594,19
595,19
596,19
597,19
598,19
599,19
600,19
601,20
602,21
603,20
604,20
605,20
606,19
607,18
608,19
609,20
610,20
611,21
612,22
613,22
614,23
615,22
616,21
617,21
618,21
619,21
620,20
621,20
622,20
623,18
624,18
625,17
626,17
627,17
628,16
629,16
630,15
631,15
632,14
633,13
634,13
635,12
636,12
637,12
638,12
639,12
640,12
641,12
642,12
643,12
644,12
645,12
646,12
647,12
648,12
649,12
650,12
651,12
652,12
653,12
654,12
655,12
656,12
657,11
658,11
659,11
660,11
661,11
662,11
663,11
664,11
665,11
666,11
667,11
668,11
669,11
670,11
671,11
672,11
673,11
674,11
675,11
676,11
677,11
678,11
679,11
680,11
681,11
682,11
683,11
684,11
685,11
686,10
687,10
688,10
689,10
690,10
691,10
692,10
693,10
694,10
695,10
696,10
697,10
698,10
699,10
700,10
701,10
702,10
703,10
704,10
705,10
706,10
707,10
708,10
709,10
710,10
711,10
712,10
713,9
714,9
715,9
716,9
717,9
718,9
719,9
720,9
721,9
722,9
723,9
724,9
725,9
726,9
727,9
728,9
729,9
730,9
731,9
732,9
733,9
734,9
735,9
736,9
737,9
738,9
739,9
740,9
741,9
742,9
743,9
744,9
745,9
746,9
747,9
748,9
749,9
750,9
751,9
752,9
753,9
754,9
755,9
756,9
757,9
758,9
759,9
760,9
761,9
762,9
763,9
764,9
765,9
766,9
767,9
768,9
769,9
770,9
771,9
772,9
773,9
774,9
775,9
776,9
777,8
778,8
779,9
780,9
781,9
782,9
783,8
784,8
785,8
786,8
787,8
788,8
789,8
790,8
791,8
792,8
793,8
794,8
795,8
796,8
797,8
798,8
799,8
800,8
801,8
802,8
803,8
804,8
805,8
806,8
807,8
808,8
809,8
810,8
811,8
812,8
813,8
814,8
815,8
816,8
817,8
818,8
819,8
820,8
821,7
822,7
823,7
824,7
825,7
826,6
827,6
828,6
829,6
830,6
831,6
832,7
833,7
834,7
835,7
836,8
837,8
838,9
839,9
840,10
841,10
842,11
843,12
844,13
845,14
846,15
847,16
848,16
849,17
850,18
851,18
852,18
853,18
854,18
855,18
856,18
857,18
858,18
859,18
860,18
861,18
862,18
863,18
864,19
865,19
866,19
867,19
868,19
869,19
870,20
871,20
872,20
873,20
874,19
875,18
876,17
877,18
878,19
879,19
880,20
881,21
882,22
883,21
884,21
885,19
886,18
887,18
888,18
889,19
890,19
891,19
892,19
893,19
894,20
895,20
896,21
897,21
898,22
899,22
900,22
901,21
902,20
903,20
904,21
905,20
906,19
907,19
908,18
909,18
910,18
911,18
912,18
913,18
914,18
915,18
916,18
917,18
918,18
919,18
920,17
921,17
922,17
923,17
924,16
925,15
926,15
927,14
928,13
929,13
930,13
931,13
932,13
933,12
934,12
935,12
936,12
937,12
938,12
939,12
940,12
941,12
942,12
943,12
944,12
945,12
946,12
947,12
948,12
949,12
950,12
951,12
952,12
953,12
954,12
955,11
956,11
957,11
958,11
959,11
960,11
961,11
962,11
963,11
964,11
965,11
966,11
967,11
968,11
969,11
970,11
971,11
972,11
973,11
974,11
975,11
976,11
977,10
978,10
979,10
980,10
981,10
982,10
983,10
984,10
985,10
986,10
987,10
988,10
989,10
990,10
991,10
992,10
993,10
994,10
995,10
996,10
997,10
998,10
999,10
1000,10
1001,10
1002,10
1003,10
1004,10
1005,10
1006,10
1007,10
1008,10
1009,10
1010,9
1011,9
1012,9
1013,9
1014,9
1015,9
1016,9
1017,9
1018,9
1019,9
1020,9
1021,9
1022,9
1023,9
1024,9
1025,9
1026,9
1027,9
1028,9
1029,9
1030,9
1031,9
1032,9
1033,9
1034,9
1035,9
1036,9
1037,9
1038,9
1039,9
1040,9
1041,9
1042,9
1043,9
1044,9
1045,9
1046,9
1047,9
1048,9
1049,9
1050,9
1051,9
1052,9
1053,9
1054,8
1055,8
1056,8
1057,8
1058,8
1059,8
1060,8
1061,8
1062,8
1063,8
1064,8
1065,8
1066,8
1067,8
1068,8
1069,8
1070,8
1071,8
1072,8
1073,8
1074,8
1075,8
1076,8
1077,8
1078,8
1079,8
1080,8
1081,8
1082,8
1083,8
1084,8
1085,8
1086,8
1087,8
1088,8
1089,8
1090,8
1091,8
1092,8
1093,8
1094,8
1095,8
1096,8
1097,8
1098,8
1099,8
1100,8
1101,8
1102,8
1103,8
1104,8
1105,8
1106,8
1107,8
1108,8
1109,8
1110,7
1111,7
1112,7
1113,7
1114,6
1115,6
1116,6
1117,6
1118,6
1119,6
1120,6
1121,6
1122,6
1123,7
1124,7
1125,7
1126,7
1127,8
1128,8
1129,9
1130,9
1131,9
1132,9
1133,10
1134,10
1135,11
1136,11
1137,12
1138,13
1139,14
1140,15
1141,15
1142,16
1143,16
1144,16
1145,15
1146,15
1147,15
1148,15
1149,15
1150,15
1151,15
1152,15
1153,16
1154,16
1155,16
1156,17
1157,18
1158,18
1159,18
1160,17
1161,18
1162,18
1163,19
1164,19
1165,19
1166,19
1167,20
1168,20
1169,21
1170,21
1171,21
1172,22
1173,22
1174,22
1175,21
1176,20
1177,19
1178,18
1179,19
1180,20
1181,20
1182,21
1183,20
1184,19
1185,19
1186,20
1187,21
1188,22
1189,23
1190,22
1191,21
1192,21
1193,21
1194,21
1195,21
1196,21
1197,22
1198,22
1199,22
1200,21
1201,21
1202,21
1203,21
1204,21
1205,20
1206,20
1207,20
1208,20
1209,20
1210,19
1211,19
1212,19
1213,18
1214,18
1215,17
1216,17
1217,16
1218,16
1219,16
1220,16
1221,15
1222,15
1223,15
1224,15
1225,15
1226,15
1227,15
1228,15
1229,15
1230,15
1231,15
1232,15
1233,15
1234,15
1235,14
1236,14
1237,14
1238,14
1239,14
1240,14
1241,14
1242,14
1243,14
1244,14
1245,14
1246,14
1247,14
1248,14
1249,13
1250,13
1251,13
1252,13
1253,13
1254,13
1255,13
1256,13
1257,13
1258,13
1259,13
1260,13
1261,13
1262,13
1263,13
1264,13
1265,13
1266,13
1267,13
1268,13
1269,13
1270,13
1271,12
1272,12
1273,12
1274,12
1275,12
1276,12
1277,12
1278,12
1279,12
1280,12
1281,12
1282,12
1283,12
1284,12
1285,12
1286,12
1287,12
1288,12
1289,12
1290,12
1291,12
1292,12
1293,12
1294,12
1295,12
1296,12
1297,12
1298,12
1299,12
1300,12
1301,11
1302,11
1303,11
1304,11
1305,11
1306,11
1307,11
1308,11
1309,11
1310,11
1311,11
1312,11
1313,11
1314,11
1315,11
1316,11
1317,11
1318,11
1319,11
1320,11
1321,11
1322,11
1323,11
1324,11
1325,11
1326,11
1327,11
1328,11
1329,11
1330,11
1331,11
1332,11
1333,11
1334,11
1335,11
1336,10
1337,10
1338,10
1339,10
1340,10
1341,10
1342,10
1343,10
1344,10
1345,10
1346,10
1347,10
1348,10
1349,10
1350,10
1351,10
1352,10
1353,10
1354,10
1355,10
1356,10
1357,10
1358,10
1359,10
1360,10
1361,10
1362,10
1363,10
1364,10
1365,10
1366,10
1367,10
1368,10
1369,10
1370,10
1371,10
1372,10
1373,10
1374,10
1375,10
1376,10
1377,10
1378,10
1379,10
1380,10
1381,10
1382,10
1383,10
1384,10
1385,10
1386,9
1387,9
1388,9
1389,9
1390,9
1391,9
1392,9
1393,9
1394,9
1395,9
1396,9
1397,9
1398,9
1399,9
1400,9
1401,9
1402,9
1403,9
1404,9
1405,9
1406,9
1407,9
1408,9
1409,9
1410,9
1411,9
1412,9
1413,9
1414,9
1415,9
1416,9
1417,9
1418,9
1419,9
1420,10
1421,10
1422,10
1423,10
1424,10
1425,10
1426,11
1427,11
1428,11
1429,11
1430,11
1431,11
1432,11
1433,11
1434,12
1435,12
1436,12
1437,12
1438,12
1439,12
1440,12
1441,13
1442,13
1443,13
1444,13
1445,13
1446,13
1447,13
1448,13
1449,13
1450,13
1451,13
1452,14
1453,13
1454,13
1455,13
1456,13
1457,13
1458,13
1459,13
1460,13
1461,14
1462,14
1463,13
1464,13
1465,14
1466,14
1467,14
1468,14
1469,14
1470,13
1471,13
1472,13
1473,13
1474,13
1475,13
1476,13
1477,13
1478,13
1479,13
1480,13
1481,13
1482,13
1483,13
1484,13
1485,13
1486,13
1487,13
1488,13
1489,13
1490,12
1491,12
1492,12
1493,12
1494,12
1495,12
1496,12
1497,12
1498,12
1499,12
1500,12
1501,12
1502,12
1503,12
1504,12
1505,11
1506,11
1507,11
1508,11
1509,11
1510,11
1511,11
1512,11
1513,11
1514,11
1515,11
1516,11
1517,11
1518,11
1519,11
1520,11
1521,11
1522,11
1523,11
1524,11
1525,11
1526,11
1527,11
1528,11
1529,11
1530,11
1531,11
1532,11
1533,11
1534,11
1535,11
1536,11
1537,11
1538,11
1539,11
1540,11
1541,11
1542,11
1543,11
1544,11
1545,11
1546,11
1547,11
1548,11
1549,11
1550,11
1551,11
1552,11
1553,11
1554,11
1555,11
1556,11
1557,11
1558,11
1559,11
1560,11
1561,10
1562,10
1563,10
1564,10
1565,10
1566,10
1567,10
1568,10
1569,10
1570,10
1571,10
1572,10
1573,10
1574,10
1575,10
1576,10
1577,10
1578,10
1579,10
1580,10
1581,10
1582,10
1583,10
1584,10
1585,10
1586,10
1587,10
1588,10
1589,10
1590,10
1591,10
1592,10
1593,10
1594,10
1595,10
1596,10
1597,10
1598,10
1599,10
1600,10
1601,10
1602,10
1603,10
1604,10
1605,10
1606,10
1607,10
1608,10
1609,10
1610,10
1611,10
1612,10
1613,10
1614,10
1615,10
1616,10
1617,10
1618,10
1619,10
1620,10
1621,9
1622,10
1623,9
1624,9
1625,9
1626,10
1627,9
1628,10
1629,9
1630,9
1631,9
1632,9
1633,9
1634,9
1635,9
1636,9
1637,9
1638,9
1639,9
1640,9
1641,9
1642,9
1643,9
1644,9
1645,9
1646,9
1647,9
1648,9
1649,9
1650,9
1651,9
1652,9
1653,9
1654,9
1655,9
1656,9
1657,9
1658,9
1659,9
1660,9
1661,9
1662,9
1663,9
1664,9
1665,9
1666,9
1667,9
1668,9
1669,9
1670,9
1671,9
1672,9
1673,9
1674,9
1675,9
1676,9
1677,9
1678,9
1679,9
1680,9
1681,9
1682,9
1683,9
1684,9
1685,9
1686,9
1687,9
1688,9
1689,9
1690,9
1691,9
1692,9
1693,9
1694,9
1695,9
1696,9
1697,9
1698,9
1699,9
1700,9
1701,9
1702,9
1703,9
1704,10
1705,10
1706,10
1707,11
1708,11
1709,11
1710,12
1711,12
1712,13
1713,13
1714,13
1715,14
1716,15
1717,15
1718,16
1719,16
1720,16
1721,16
1722,16
1723,16
1724,16
1725,16
1726,16
1727,16
1728,16
1729,17
1730,17
1731,17
1732,17
1733,18
1734,18
1735,18
1736,18
1737,19
1738,19
1739,19
1740,19
1741,20
1742,20
1743,21
1744,21
1745,22
1746,22
1747,23
1748,22
1749,22
1750,22
1751,21
1752,21
1753,21
1754,20
1755,20
1756,20
1757,20
1758,20
1759,20
1760,20
1761,20
1762,21
1763,21
1764,21
1765,22
1766,21
1767,21
1768,22
1769,22
1770,22
1771,21
1772,21
1773,21
1774,21
1775,20
1776,20
1777,19
1778,19
1779,19
1780,19
1781,19
1782,19
1783,19
1784,19
1785,19
1786,18
1787,18
1788,18
1789,17
1790,17
1791,16
1792,16
1793,16
1794,15
1795,15
1796,15
1797,15
1798,15
1799,15
1800,15
1801,15
1802,15
1803,15
1804,15
1805,15
1806,15
1807,15
1808,14
1809,14
1810,14
1811,14
1812,14
1813,14
1814,14
1815,14
1816,14
1817,14
1818,14
1819,14
1820,14
1821,14
1822,14
1823,14
1824,14
1825,14
1826,14
1827,13
1828,13
1829,13
1830,13
1831,13
1832,13
1833,13
1834,13
1835,13
1836,13
1837,13
1838,13
1839,13
1840,13
1841,13
1842,13
1843,13
1844,13
1845,13
1846,13
1847,13
1848,12
1849,12
1850,12
1851,12
1852,12
1853,12
1854,12
1855,12
1856,12
1857,12
1858,12
1859,12
1860,12
1861,12
1862,12
1863,12
1864,12
1865,12
1866,12
1867,12
1868,12
1869,12
1870,12
1871,12
1872,12
1873,12
1874,12
1875,12
1876,12
1877,12
1878,12
1879,12
1880,12
1881,11
1882,11
1883,11
1884,11
1885,11
1886,11
1887,11
1888,11
1889,11
1890,11
1891,11
1892,11
1893,11
1894,11
1895,11
1896,11
1897,11
1898,11
1899,11
1900,11
1901,11
1902,11
1903,11
1904,11
1905,11
1906,11
1907,11
1908,11
1909,11
1910,11
1911,11
1912,11
1913,11
1914,11
1915,11
1916,11
1917,11
1918,11
1919,11
1920,10
1921,10
1922,10
1923,10
1924,10
1925,10
1926,10
1927,10
1928,10
1929,10
1930,10
1931,10
1932,10
1933,10
1934,10
1935,10
1936,10
1937,10
1938,10
1939,10
1940,10
1941,10
1942,10
1943,10
1944,10
1945,10
1946,10
1947,10
1948,10
1949,10
1950,10
1951,10
1952,10
1953,10
1954,10
1955,10
1956,10
1957,10
1958,10
1959,10
1960,10
1961,10
1962,10
1963,10
1964,10
1965,10
1966,10
1967,10
1968,10
1969,10
1970,10
1971,10
1972,10
1973,10
1974,10
1975,10
1976,10
1977,10
1978,10
1979,10
1980,10
1981,10
1982,9
1983,9
1984,9
1985,9
1986,9
1987,9
1988,9
1989,9
1990,9
1991,10
1992,10
1993,10
1994,11
1995,11
1996,12
1997,12
1998,13
1999,13
2000,14
2001,14
2002,14
2003,14
2004,14
2005,15
2006,15
2007,15
2008,16
2009,16
2010,16
2011,16
2012,16
2013,16
2014,17
2015,17
2016,17
2017,17
2018,17
2019,17
2020,17
2021,18
2022,18
2023,18
2024,18
2025,18
2026,19
2027,19
2028,19
2029,19
2030,20
2031,20
2032,21
2033,21
2034,21
2035,22
2036,22
2037,22
2038,22
2039,21
2040,21
2041,20
2042,19
2043,19
2044,19
2045,20
2046,20
2047,20
2048,20
2049,20
2050,20
2051,19
2052,19
2053,18
2054,18
2055,17
2056,17
2057,17
2058,17
2059,17
2060,17
2061,17
2062,16
2063,15
2064,15
2065,15
2066,14
2067,14
2068,14
2069,14
2070,14
2071,13
2072,13
2073,13
2074,13
2075,13
2076,12
2077,12
2078,12
2079,12
2080,12
2081,12
2082,12
2083,12
2084,12
2085,12
2086,12
2087,12
2088,12
2089,12
2090,12
2091,12
2092,12
2093,12
2094,12
2095,12
2096,12
2097,12
2098,12
2099,12
2100,12
2101,12
2102,12
2103,12
2104,12
2105,12
2106,12
2107,12
2108,12
2109,12
2110,12
2111,12
2112,12
2113,12
2114,12
2115,12
2116,12
2117,12
2118,12
2119,12
2120,12
2121,12
2122,11
2123,11
2124,11
2125,11
2126,11
2127,11
2128,11
2129,11
2130,11
2131,11
2132,11
2133,11
2134,11
2135,11
2136,11
2137,11
2138,11
2139,11
2140,11
2141,11
2142,11
2143,11
2144,11
2145,11
2146,11
2147,11
2148,11
2149,11
2150,11
2151,11
2152,11
2153,11
2154,11
2155,11
2156,11
2157,10
2158,10
2159,10
2160,10
2161,10
2162,10
2163,10
2164,10
2165,10
2166,10
2167,10
2168,10
2169,10
2170,10
2171,10
2172,10
2173,10
2174,10
2175,10
2176,10
2177,10
2178,10
2179,10
2180,10
2181,10
2182,10
2183,10
2184,10
2185,10
2186,10
2187,10
2188,10
2189,10
2190,10
2191,10
2192,10
2193,10
2194,10
2195,10
2196,10
2197,10
2198,10
2199,10
2200,10
2201,10
2202,10
2203,9
2204,9
2205,9
2206,9
2207,9
2208,9
2209,9
2210,9
2211,9
2212,9
2213,9
2214,9
2215,9
2216,9
2217,9
2218,9
2219,9
2220,9
2221,9
2222,9
2223,9
2224,9
2225,9
2226,9
2227,9
2228,9
2229,9
2230,9
2231,9
2232,9
2233,9
2234,9
2235,9
2236,9
2237,9
2238,9
2239,9
2240,9
2241,9
2242,9
2243,9
2244,9
2245,9
2246,9
2247,9
2248,9
2249,9
2250,9
2251,9
2252,9
2253,9
2254,9
2255,9
2256,8
2257,8
2258,8
2259,8
2260,8
2261,8
2262,8
2263,8
2264,8
2265,8
2266,8
2267,8
2268,8
2269,8
2270,8
2271,8
2272,8
2273,8
2274,8
2275,8
2276,8
2277,8
2278,8
2279,8
2280,8
2281,9
2282,9
2283,9
2284,9
2285,9
2286,10
2287,10
2288,10
2289,11
2290,11
2291,11
2292,11
2293,11
2294,11
2295,12
2296,12
2297,12
2298,12
2299,13
2300,13
2301,13
2302,13
2303,14
2304,14
2305,14
2306,14
2307,15
2308,15
2309,15
2310,15
2311,16
2312,16
2313,16
2314,16
2315,16
2316,16
2317,16
2318,17
2319,17
2320,18
2321,18
2322,19
2323,19
2324,20
2325,19
2326,19
2327,19
2328,19
2329,19
2330,19
2331,18
2332,18
2333,18
2334,19
2335,19
2336,19
2337,19
2338,20
2339,20
2340,20
2341,20
2342,20
2343,20
2344,20
2345,20
2346,20
2347,19
2348,19
2349,19
2350,19
2351,19
2352,19
2353,19
2354,18
2355,18
2356,18
2357,18
2358,17
2359,17
2360,17
2361,16
2362,16
2363,15
2364,15
2365,14
2366,14
2367,14
2368,14
2369,13
2370,13
2371,13
2372,13
2373,13
2374,13
2375,13
2376,13
2377,13
2378,13
2379,13
2380,13
2381,13
2382,13
2383,13
2384,13
2385,13
2386,13
2387,13
2388,12
2389,12
2390,12
2391,12
2392,12
2393,12
2394,12
2395,12
2396,12
2397,12
2398,12
2399,12
2400,12
2401,12
2402,12
2403,12
2404,12
2405,12
2406,12
2407,12
2408,12
2409,12
2410,12
2411,12
2412,11
2413,11
2414,11
2415,11
2416,11
2417,11
2418,11
2419,11
2420,11
2421,11
2422,11
2423,11
2424,11
2425,11
2426,11
2427,11
2428,11
2429,11
2430,11
2431,11
2432,11
2433,11
2434,11
2435,11
2436,11
2437,11
2438,11
2439,11
2440,11
2441,11
2442,11
2443,11
2444,11
2445,11
2446,11
2447,11
2448,10
2449,10
2450,10
2451,10
2452,10
2453,10
2454,10
2455,10
2456,10
2457,10
2458,10
2459,10
2460,10
2461,10
2462,10
2463,10
2464,10
2465,10
2466,10
2467,10
2468,10
2469,10
2470,10
2471,10
2472,10
2473,10
2474,10
2475,10
2476,10
2477,10
2478,10
2479,10
2480,10
2481,10
2482,10
2483,10
2484,10
2485,10
2486,10
2487,10
2488,10
2489,10
2490,10
2491,9
2492,10
2493,10
2494,10
2495,9
2496,9
2497,9
2498,9
2499,9
2500,9
2501,9
2502,9
2503,9
2504,9
2505,9
2506,9
2507,9
2508,9
2509,9
2510,9
2511,9
2512,9
2513,9
2514,9
2515,9
2516,9
2517,9
2518,9
2519,9
2520,9
2521,9
2522,9
2523,9
2524,9
2525,9
2526,9
2527,9
2528,9
2529,9
2530,9
2531,9
2532,9
2533,9
2534,9
2535,9
2536,9
2537,9
2538,9
2539,9
2540,9
2541,9
2542,9
2543,9
2544,9
2545,9
2546,9
2547,9
2548,9
2549,9
2550,9
2551,9
2552,9
2553,9
2554,9
2555,9
2556,9
2557,9
2558,9
2559,9
2560,9
2561,9
2562,9
2563,9
2564,9
2565,9
2566,9
2567,10
2568,10
2569,10
2570,10
2571,10
2572,11
2573,11
2574,11
2575,12
2576,12
2577,13
2578,13
2579,14
2580,15
2581,15
2582,16
2583,16
2584,17
2585,17
2586,17
2587,17
2588,16
2589,16
2590,16
2591,16
2592,17
2593,17
2594,17
2595,17
2596,17
2597,17
2598,18
2599,18
2600,18
2601,18
2602,19
2603,19
2604,19
2605,19
2606,19
2607,20
2608,21
2609,22
2610,22
2611,23
2612,22
2613,21
2614,20
2615,19
2616,19
2617,18
2618,18
2619,18
2620,18
2621,18
2622,18
2623,18
2624,19
2625,19
2626,20
2627,20
2628,20
2629,20
2630,20
2631,20
2632,20
2633,20
2634,20
2635,21
2636,21
2637,21
2638,21
2639,22
2640,22
2641,21
2642,21
2643,21
2644,21
2645,21
2646,20
2647,20
2648,20
2649,19
2650,19
2651,19
2652,18
2653,18
2654,17
2655,16
2656,16
2657,15
2658,15
2659,15
2660,15
2661,15
2662,15
2663,15
2664,15
2665,15
2666,15
2667,14
2668,14
2669,14
2670,14
2671,14
2672,14
2673,14
2674,14
2675,14
2676,14
2677,14
2678,14
2679,14
2680,14
2681,14
2682,14
2683,14
2684,14
2685,14
2686,14
2687,13
2688,13
2689,13
2690,13
2691,13
2692,13
2693,13
2694,13
2695,13
2696,13
2697,13
2698,13
2699,13
2700,13
2701,13
2702,13
2703,13
2704,13
2705,13
2706,13
2707,13
2708,13
2709,13
2710,13
2711,13
2712,13
2713,12
2714,12
2715,12
2716,12
2717,12
2718,12
2719,12
2720,12
2721,12
2722,12
2723,12
2724,12
2725,12
2726,12
2727,12
2728,12
2729,12
2730,12
2731,12
2732,12
2733,12
2734,12
2735,12
2736,12
2737,12
2738,12
2739,12
2740,12
2741,12
2742,12
2743,12
2744,12
2745,12
2746,12
2747,12
2748,11
2749,11
2750,11
2751,11
2752,11
2753,11
2754,11
2755,11
2756,11
2757,11
2758,11
2759,11
2760,11
2761,11
2762,11
2763,11
2764,11
2765,11
2766,11
2767,11
2768,11
2769,11
2770,11
2771,11
2772,11
2773,11
2774,11
2775,11
2776,11
2777,11
2778,11
2779,11
2780,11
2781,11
2782,11
2783,11
2784,11
2785,11
2786,11
2787,11
2788,11
2789,11
2790,11
2791,11
2792,11
2793,11
2794,11
2795,10
2796,10
2797,10
2798,10
2799,10
2800,10
2801,10
2802,10
2803,10
2804,10
2805,10
2806,10
2807,10
2808,10
2809,10
2810,10
2811,10
2812,10
2813,10
2814,10
2815,10
2816,10
2817,10
2818,10
2819,10
2820,10
2821,10
2822,10
2823,10
2824,10
2825,10
2826,10
2827,10
2828,10
2829,10
2830,10
2831,10
2832,10
2833,10
2834,10
2835,10
2836,10
2837,10
2838,10
2839,10
2840,10
2841,10
2842,10
2843,10
2844,10
2845,10
2846,10
2847,10
2848,10
2849,10
2850,10
2851,10
2852,10
2853,10
2854,10
2855,11
2856,11
2857,12
2858,12
2859,13
2860,14
2861,14
2862,15
2863,15
2864,16
2865,16
2866,17
2867,18
2868,18
2869,18
2870,19
2871,19
2872,19
2873,19
2874,19
2875,19
2876,18
2877,18
2878,18
2879,18
2880,18
2881,18
2882,19
2883,19
2884,19
2885,20
2886,20
2887,19
2888,19
2889,19
2890,20
2891,20
2892,20
2893,21
2894,21
2895,21
2896,21
2897,21
2898,21
2899,22
2900,22
2901,22
2902,23
2903,22
2904,22
2905,22
2906,22
2907,22
2908,22
2909,22
2910,22
2911,22
2912,22
2913,21
2914,21
2915,21
2916,21
2917,21
2918,21
2919,21
2920,21
2921,21
2922,21
2923,22
2924,21
2925,21
2926,21
2927,21
2928,21
2929,21
2930,20
2931,20
2932,19
2933,19
2934,18
2935,18
2936,18
2937,18
2938,17
2939,17
2940,17
2941,16
2942,16
2943,15
2944,15
2945,15
2946,15
2947,15
2948,15
2949,15
2950,15
2951,15
2952,15
2953,15
2954,15
2955,15
2956,15
2957,15
2958,15
2959,15
2960,15
2961,14
2962,14
2963,14
2964,14
2965,14
2966,14
2967,14
2968,14
2969,14
2970,14
2971,14
2972,14
2973,14
2974,14
2975,14
2976,14
2977,14
2978,14
2979,14
2980,14
2981,14
2982,14
2983,14
2984,13
2985,13
2986,13
2987,13
2988,13
2989,13
2990,13
2991,13
2992,13
2993,13
2994,13
2995,13
2996,13
2997,13
2998,13
2999,13
3000,13
3001,13
3002,13
3003,13
3004,13
3005,13
3006,13
3007,13
3008,13
3009,13
3010,13
3011,13
3012,12
3013,12
3014,12
3015,12
3016,12
3017,12
3018,12
3019,12
3020,12
3021,12
3022,12
3023,12
3024,12
3025,12
3026,12
3027,12
3028,12
3029,12
3030,12
3031,12
3032,12
3033,12
3034,12
3035,12
3036,12
3037,12
3038,12
3039,12
3040,12
3041,12
3042,12
3043,12
3044,12
3045,12
3046,12
3047,12
3048,12
3049,12
3050,12
3051,12
3052,12
3053,12
3054,12
3055,12
3056,12
3057,12
3058,12
3059,12
3060,11
3061,11
3062,11
3063,11
3064,11
3065,11
3066,11
3067,11
3068,11
3069,11
3070,11
3071,11
3072,11
3073,11
3074,11
3075,11
3076,11
3077,11
3078,11
3079,11
3080,11
3081,11
3082,11
3083,11
3084,11
3085,11
3086,11
3087,11
3088,11
3089,11
3090,11
3091,11
3092,11
3093,11
3094,11
3095,11
3096,11
3097,11
3098,11
3099,11
3100,11
3101,11
3102,11
3103,11
3104,11
3105,11
3106,11
3107,11
3108,11
3109,11
3110,11
3111,11
3112,10
3113,11
3114,11
3115,10
3116,10
3117,10
3118,10
3119,10
3120,10
3121,10
3122,10
3123,10
3124,10
3125,10
3126,10
3127,10
3128,10
3129,10
3130,10
3131,10
3132,10
3133,10
3134,10
3135,10
3136,10
3137,10
3138,10
3139,10
3140,10
3141,10
3142,10
3143,11
3144,11
3145,12
3146,12
3147,13
3148,13
3149,14
3150,15
3151,15
3152,16
3153,17
3154,17
3155,18
3156,18
3157,19
3158,19
3159,20
3160,20
3161,19
3162,19
3163,19
3164,19
3165,19
3166,19
3167,19
3168,19
3169,20
3170,20
3171,20
3172,20
3173,21
3174,21
3175,20
3176,19
3177,19
3178,19
3179,19
3180,19
3181,19
3182,19
3183,20
3184,20
3185,21
3186,21
3187,22
3188,22
3189,22
3190,22
3191,21
3192,21
3193,20
3194,20
3195,20
3196,20
3197,20
3198,19
3199,18
3200,19
3201,20
3202,22
3203,23
3204,23
3205,22
3206,22
3207,21
3208,21
3209,21
3210,21
3211,21
3212,21
3213,20
3214,20
3215,20
3216,20
3217,19
3218,19
3219,19
3220,19
3221,19
3222,19
3223,20
3224,19
3225,19
3226,19
3227,19
3228,19
3229,18
3230,18
3231,17
3232,17
3233,17
3234,17
3235,17
3236,16
3237,16
3238,16
3239,16
3240,16
3241,16
3242,16
3243,16
3244,16
3245,16
3246,16
3247,16
3248,16
3249,16
3250,16
3251,15
3252,15
3253,15
3254,15
3255,15
3256,15
3257,15
3258,15
3259,15
3260,15
3261,15
3262,15
3263,15
3264,15
3265,15
3266,15
3267,15
3268,14
3269,14
3270,14
3271,14
3272,14
3273,14
3274,14
3275,14
3276,14
3277,14
3278,14
3279,14
3280,14
3281,14
3282,14
3283,14
3284,14
3285,14
3286,14
3287,14
3288,14
3289,14
3290,14
3291,13
3292,13
3293,13
3294,13
3295,13
3296,13
3297,13
3298,13
3299,13
3300,13
3301,13
3302,13
3303,13
3304,13
3305,13
3306,13
3307,13
3308,13
3309,13
3310,13
3311,13
3312,13
3313,13
3314,13
3315,13
3316,13
3317,13
3318,13
3319,13
3320,13
3321,13
3322,13
3323,13
3324,13
3325,12
3326,12
3327,12
3328,12
3329,12
3330,12
3331,12
3332,12
3333,12
3334,12
3335,12
3336,12
3337,12
3338,12
3339,12
3340,12
3341,12
3342,12
3343,12
3344,12
3345,12
3346,12
3347,12
3348,12
3349,12
3350,12
3351,12
3352,12
3353,12
3354,12
3355,12
3356,12
3357,12
3358,11
3359,11
3360,11
3361,11
3362,11
3363,11
3364,11
3365,11
3366,11
3367,11
3368,11
3369,11
3370,11
3371,11
3372,11
3373,11
3374,11
3375,11
3376,11
3377,11
3378,11
3379,11
3380,11
3381,11
3382,11
3383,11
3384,11
3385,11
3386,11
3387,11
3388,11
3389,11
3390,11
3391,11
3392,11
3393,11
3394,11
3395,11
3396,11
3397,11
3398,11
3399,11
3400,11
3401,11
3402,11
3403,11
3404,11
3405,11
3406,10
3407,10
3408,10
3409,10
3410,10
3411,10
3412,10
3413,10
3414,10
3415,10
3416,10
3417,10
3418,10
3419,10
3420,10
3421,10
3422,10
3423,10
3424,10
3425,10
3426,10
3427,10
3428,10
3429,10
3430,11
3431,11
3432,11
3433,12
3434,12
3435,12
3436,13
3437,14
3438,14
3439,15
3440,15
3441,16
3442,16
3443,17
3444,18
3445,18
3446,19
3447,19
3448,19
3449,19
3450,19
3451,19
3452,19
3453,19
3454,19
3455,19
3456,19
3457,19
3458,20
3459,20
3460,20
3461,20
3462,21
3463,20
3464,20
3465,19
3466,19
3467,20
3468,20
3469,21
3470,21
3471,21
3472,21
3473,20
3474,20
3475,19
3476,19
3477,20
3478,21
3479,20
3480,20
3481,20
3482,20
3483,19
3484,20
3485,20
3486,20
3487,19
3488,19
3489,19
3490,19
3491,20
3492,21
3493,21
3494,21
3495,22
3496,22
3497,22
3498,22
3499,22
3500,22
3501,22
3502,22
3503,22
3504,22
3505,22
3506,21
3507,20
3508,20
3509,20
3510,19
3511,19
3512,19
3513,19
3514,19
3515,18
3516,18
3517,18
3518,17
3519,17
3520,17
3521,17
3522,16
3523,16
3524,16
3525,16
3526,16
3527,16
3528,16
3529,16
3530,16
3531,16
3532,16
3533,16
3534,15
3535,15
3536,15
3537,15
3538,15
3539,15
3540,15
3541,15
3542,15
3543,15
3544,15
3545,15
3546,15
3547,15
3548,15
3549,15
3550,15
3551,14
3552,14
3553,14
3554,14
3555,14
3556,14
3557,14
3558,14
3559,14
3560,14
3561,14
3562,14
3563,14
3564,14
3565,14
3566,14
3567,14
3568,14
3569,14
3570,14
3571,14
3572,14
3573,14
3574,14
3575,13
3576,13
3577,13
3578,13
3579,13
3580,13
3581,13
3582,13
3583,13
3584,13
3585,13
3586,13
3587,13
3588,13
3589,13
3590,13
3591,13
3592,13
3593,13
3594,13
3595,13
3596,13
3597,13
3598,13
3599,13
3600,13
3601,13
3602,12
3603,12
3604,12
3605,12
3606,12
3607,12
3608,12
3609,12
3610,12
3611,12
3612,12
3613,12
3614,12
3615,12
3616,12
3617,12
3618,12
3619,12
3620,12
3621,12
3622,12
3623,12
3624,12
3625,12
3626,12
3627,12
3628,12
3629,12
3630,12
3631,12
3632,12
3633,12
3634,12
3635,12
3636,11
3637,11
3638,11
3639,11
3640,11
3641,11
3642,11
3643,11
3644,11
3645,11
3646,11
3647,11
3648,11
3649,11
3650,11
3651,11
3652,11
3653,11
3654,11
3655,11
3656,11
3657,11
3658,11
3659,11
3660,11
3661,11
3662,11
3663,11
3664,11
3665,11
3666,11
3667,11
3668,11
3669,11
3670,11
3671,11
3672,11
3673,11
3674,11
3675,11
3676,11
3677,11
3678,11
3679,11
3680,11
3681,11
3682,11
3683,11
3684,11
3685,11
3686,11
3687,11
3688,11
3689,11
3690,11
3691,11
3692,10
3693,11
3694,10
3695,10
3696,10
3697,10
3698,10
3699,10
3700,10
3701,10
3702,10
3703,10
3704,10
3705,10
3706,10
3707,10
3708,10
3709,10
3710,10
3711,10
3712,10
3713,10
3714,10
3715,10
3716,10
3717,10
3718,11
3719,11
3720,11
3721,11
3722,12
3723,12
3724,13
3725,13
3726,14
3727,15
3728,15
3729,16
3730,17
3731,17
3732,18
3733,19
3734,19
3735,20
3736,20
3737,20
3738,20
3739,20
3740,19
3741,19
3742,19
3743,19
3744,20
3745,20
3746,20
3747,20
3748,20
3749,20
3750,20
3751,19
3752,19
3753,19
3754,19
3755,19
3756,20
3757,20
3758,19
3759,20
3760,20
3761,21
3762,21
3763,22
3764,22
3765,22
3766,21
3767,21
3768,21
3769,21
3770,20
3771,19
3772,19
3773,20
3774,20
3775,20
3776,20
3777,21
3778,21
3779,22
3780,22
3781,22
3782,22
3783,22
3784,22
3785,22
3786,22
3787,22
3788,22
3789,21
3790,21
3791,21
3792,21
3793,21
3794,21
3795,21
3796,21
3797,21
3798,21
3799,21
3800,21
3801,21
3802,20
3803,20
3804,20
3805,19
3806,19
3807,18
3808,18
3809,18
3810,18
3811,17
3812,17
3813,17
3814,17
3815,17
3816,17
3817,17
3818,17
3819,17
3820,17
3821,16
3822,16
3823,16
3824,16
3825,16
3826,16
3827,16
3828,16
3829,16
3830,16
3831,16
3832,16
3833,15
3834,15
3835,15
3836,15
3837,15
3838,15
3839,15
3840,15
3841,15
3842,15
3843,15
3844,15
3845,15
3846,15
3847,15
3848,15
3849,15
3850,14
3851,14
3852,14
3853,14
3854,14
3855,14
3856,14
3857,14
3858,14
3859,14
3860,14
3861,14
3862,14
3863,14
3864,14
3865,14
3866,14
3867,14
3868,14
3869,14
3870,14
3871,14
3872,14
3873,14
3874,13
3875,13
3876,13
3877,13
3878,13
3879,13
3880,13
3881,13
3882,13
3883,13
3884,13
3885,13
3886,13
3887,13
3888,13
3889,13
3890,13
3891,13
3892,13
3893,13
3894,13
3895,13
3896,13
3897,13
3898,13
3899,13
3900,13
3901,13
3902,12
3903,13
3904,13
3905,12
3906,12
3907,12
3908,12
3909,12
3910,12
3911,12
3912,12
3913,12
3914,12
3915,12
3916,12
3917,12
3918,12
3919,12
3920,12
3921,12
3922,12
3923,12
3924,12
3925,12
3926,12
3927,12
3928,12
3929,12
3930,12
3931,12
3932,12
3933,12
3934,12
3935,12
3936,12
3937,12
3938,12
3939,12
3940,12
3941,12
3942,12
3943,11
3944,11
3945,11
3946,11
3947,11
3948,11
3949,11
3950,11
3951,11
3952,11
3953,11
3954,11
3955,11
3956,11
3957,11
3958,11
3959,11
3960,11
3961,11
3962,11
3963,11
3964,11
3965,11
3966,11
3967,11
3968,11
3969,11
3970,11
3971,11
3972,11
3973,11
3974,11
3975,11
3976,11
3977,11
3978,11
3979,11
3980,11
3981,11
3982,11
3983,11
3984,11
3985,11
3986,11
3987,11
3988,11
3989,11
3990,11
3991,11
3992,11
3993,11
3994,11
3995,10
3996,10
3997,10
3998,10
3999,10
4000,10
4001,10
4002,10
4003,10
4004,11
4005,11
4006,11
4007,11
4008,11
4009,12
4010,12
4011,13
4012,13
4013,14
4014,14
4015,15
4016,16
4017,16
4018,17
4019,18
4020,18
4021,19
4022,20
4023,20
4024,21
4025,21
4026,21
4027,21
4028,21
4029,20
4030,20
4031,20
4032,20
4033,21
4034,21
4035,20
4036,20
4037,20
4038,20
4039,20
4040,20
4041,20
4042,20
4043,21
4044,21
4045,20
4046,19
4047,18
4048,18
4049,19
4050,20
4051,22
4052,23
4053,22
4054,21
4055,20
4056,20
4057,21
4058,21
4059,21
4060,21
4061,20
4062,20
4063,20
4064,20
4065,21
4066,21
4067,21
4068,21
4069,21
4070,21
4071,22
4072,21
4073,22
4074,22
4075,22
4076,21
4077,21
4078,21
4079,21
4080,21
4081,21
4082,21
4083,21
4084,21
4085,21
4086,20
4087,20
4088,20
4089,20
4090,20
4091,20
4092,19
4093,19
4094,19
4095,19
4096,18
4097,18
4098,17
4099,17
4100,17
4101,17
4102,17
4103,17
4104,17
4105,17
4106,17
4107,17
4108,17
4109,17
4110,16
4111,16
4112,16
4113,16
4114,16
4115,16
4116,16
4117,16
4118,16
4119,16
4120,16
4121,16
4122,16
4123,16
4124,15
4125,15
4126,15
4127,15
4128,15
4129,15
4130,15
4131,15
4132,15
4133,15
4134,15
4135,15
4136,15
4137,15
4138,15
4139,15
4140,15
4141,15
4142,14
4143,14
4144,14
4145,14
4146,14
4147,14
4148,14
4149,14
4150,14
4151,14
4152,14
4153,14
4154,14
4155,14
4156,14
4157,14
4158,14
4159,14
4160,14
4161,14
4162,14
4163,14
4164,14
4165,14
4166,14
4167,14
4168,14
4169,13
4170,13
4171,13
4172,13
4173,13
4174,13
4175,13
4176,13
4177,13
4178,13
4179,13
4180,13
4181,13
4182,13
4183,13
4184,13
4185,13
4186,13
4187,13
4188,13
4189,13
4190,13
4191,13
4192,13
4193,13
4194,13
4195,13
4196,13
4197,13
4198,12
4199,12
4200,12
4201,12
4202,12
4203,12
4204,12
4205,12
4206,12
4207,12
4208,12
4209,12
4210,12
4211,12
4212,12
4213,12
4214,12
4215,12
4216,12
4217,12
4218,12
4219,12
4220,12
4221,12
4222,12
4223,12
4224,12
4225,12
4226,12
4227,12
4228,12
4229,12
4230,12
4231,12
4232,12
4233,12
4234,12
4235,12
4236,12
4237,11
4238,11
4239,11
4240,11
4241,11
4242,11
4243,11
4244,11
4245,11
4246,11
4247,11
4248,11
4249,11
4250,11
4251,11
4252,11
4253,11
4254,11
4255,11
4256,11
4257,11
4258,11
4259,11
4260,11
4261,11
4262,11
4263,11
4264,11
4265,11
4266,11
4267,11
4268,11
4269,11
4270,11
4271,11
4272,11
4273,11
4274,11
4275,11
4276,11
4277,11
4278,11
4279,11
4280,11
4281,11
4282,11
4283,11
4284,11
4285,11
4286,11
4287,11
4288,10
4289,10
4290,10
4291,11
4292,11
4293,11
4294,11
4295,11
4296,12
4297,12
4298,12
4299,13
4300,13
4301,14
4302,15
4303,15
4304,16
4305,17
4306,17
4307,18
4308,19
4309,19
4310,20
4311,20
4312,21
4313,21
4314,21
4315,21
4316,21
4317,20
4318,20
4319,20
4320,20
4321,20
4322,20
4323,20
4324,20
4325,19
4326,19
4327,20
4328,20
4329,20
4330,20
4331,20
4332,20
4333,20
4334,20
4335,21
4336,21
4337,21
4338,21
4339,21
4340,21
4341,22
4342,23
4343,22
4344,22
4345,21
4346,20
4347,20
4348,20
4349,20
4350,21
4351,21
4352,20
4353,19
4354,20
4355,21
4356,22
4357,23
4358,23
4359,22
4360,22
4361,21
4362,21
4363,21
4364,22
4365,22
4366,22
4367,21
4368,21
4369,20
4370,20
4371,20
4372,20
4373,20
4374,20
4375,20
4376,19
4377,19
4378,20
4379,20
4380,20
4381,20
4382,19
4383,19
4384,19
4385,18
4386,18
4387,18
4388,18
4389,17
4390,17
4391,17
4392,17
4393,17
4394,17
4395,17
4396,17
4397,17
4398,17
4399,17
4400,17
4401,16
4402,16
4403,16
4404,16
4405,16
4406,16
4407,16
4408,16
4409,16
4410,16
4411,16
4412,16
4413,16
4414,16
4415,15
4416,15
4417,15
4418,15
4419,15
4420,15
4421,15
4422,15
4423,15
4424,15
4425,15
4426,15
4427,15
4428,15
4429,15
4430,15
4431,15
4432,15
4433,14
4434,14
4435,14
4436,14
4437,14
4438,14
4439,14
4440,14
4441,14
4442,14
4443,14
4444,14
4445,14
4446,14
4447,14
4448,14
4449,14
4450,14
4451,14
4452,14
4453,14
4454,14
4455,14
4456,14
4457,14
4458,14
4459,14
4460,13
4461,13
4462,13
4463,13
4464,13
4465,13
4466,13
4467,13
4468,13
4469,13
4470,13
4471,13
4472,13
4473,13
4474,13
4475,13
4476,13
4477,13
4478,13
4479,13
4480,13
4481,13
4482,13
4483,13
4484,13
4485,13
4486,13
4487,13
4488,13
4489,13
4490,13
4491,13
4492,13
4493,13
4494,13
4495,13
4496,13
4497,12
4498,12
4499,12
4500,12
4501,12
4502,12
4503,12
4504,12
4505,12
4506,12
4507,12
4508,12
4509,12
4510,12
4511,12
4512,12
4513,12
4514,12
4515,12
4516,12
4517,12
4518,12
4519,12
4520,12
4521,12
4522,12
4523,12
4524,12
4525,12
4526,12
4527,12
4528,12
4529,12
4530,12
4531,12
4532,12
4533,12
4534,12
4535,12
4536,12
4537,12
4538,12
4539,12
4540,12
4541,12
4542,12
4543,12
4544,12
4545,12
4546,12
4547,12
4548,11
4549,11
4550,11
4551,11
4552,11
4553,11
4554,11
4555,11
4556,11
4557,11
4558,11
4559,11
4560,11
4561,11
4562,11
4563,11
4564,11
4565,11
4566,11
4567,11
4568,11
4569,11
4570,11
4571,11
4572,11
4573,11
4574,11
4575,11
4576,11
4577,11
4578,11
4579,11
4580,11
4581,11
4582,11
4583,11
4584,12
4585,12
4586,12
4587,12
4588,13
4589,13
4590,13
4591,14
4592,14
4593,15
4594,15
4595,16
4596,17
4597,17
4598,18
4599,18
4600,19
4601,19
4602,19
4603,19
4604,19
4605,19
4606,19
4607,19
4608,19
4609,19
4610,19
4611,20
4612,20
4613,20
4614,20
4615,21
4616,20
4617,19
4618,18
4619,17
4620,18
4621,19
4622,20
4623,20
4624,21
4625,21
4626,21
4627,21
4628,21
4629,21
4630,21
4631,21
4632,21
4633,21
4634,21
4635,20
4636,20
4637,20
4638,20
4639,20
4640,20
4641,20
4642,21
4643,21
4644,21
4645,22
4646,22
4647,22
4648,22
4649,21
4650,21
4651,21
4652,21
4653,21
4654,21
4655,21
4656,21
4657,21
4658,20
4659,20
4660,20
4661,20
4662,20
4663,19
4664,19
4665,19
4666,19
4667,19
4668,19
4669,19
4670,19
4671,18
4672,18
4673,18
4674,18
4675,17
4676,17
4677,17
4678,17
4679,17
4680,17
4681,17
4682,17
4683,17
4684,17
4685,17
4686,17
4687,16
4688,16
4689,16
4690,16
4691,16
4692,16
4693,16
4694,16
4695,16
4696,16
4697,16
4698,16
4699,16
4700,16
4701,16
4702,16
4703,15
4704,15
4705,15
4706,15
4707,15
4708,15
4709,15
4710,15
4711,15
4712,15
4713,15
4714,15
4715,15
4716,15
4717,15
4718,15
4719,15
4720,15
4721,15
4722,15
4723,15
4724,15
4725,15
4726,15
4727,14
4728,14
4729,14
4730,14
4731,14
4732,14
4733,14
4734,14
4735,14
4736,14
4737,14
4738,14
4739,14
4740,14
4741,14
4742,14
4743,14
4744,14
4745,14
4746,14
4747,14
4748,14
4749,14
4750,14
4751,14
4752,14
4753,14
4754,14
4755,14
4756,14
4757,14
4758,14
4759,14
4760,13
4761,13
4762,13
4763,13
4764,13
4765,13
4766,13
4767,13
4768,13
4769,13
4770,13
4771,13
4772,13
4773,13
4774,13
4775,13
4776,13
4777,13
4778,13
4779,13
4780,13
4781,13
4782,13
4783,13
4784,13
4785,13
4786,13
4787,13
4788,13
4789,13
4790,13
4791,13
4792,13
4793,13
4794,13
4795,12
4796,12
4797,12
4798,12
4799,12
4800,12
4801,12
4802,12
4803,12
4804,12
4805,12
4806,12
4807,12
4808,12
4809,12
4810,12
4811,12
4812,12
4813,12
4814,12
4815,12
4816,12
4817,12
4818,12
4819,12
4820,12
4821,12
4822,12
4823,12
4824,12
4825,12
4826,12
4827,12
4828,12
4829,12
4830,12
4831,12
4832,12
4833,12
4834,12
4835,12
4836,12
4837,12
4838,12
4839,12
4840,12
4841,12
4842,12
4843,12
4844,12
4845,12
4846,12
4847,12
4848,11
4849,11
4850,11
4851,11
4852,11
4853,11
4854,11
4855,11
4856,11
4857,11
4858,11
4859,11
4860,11
4861,11
4862,11
4863,11
4864,11
4865,11
4866,11
4867,11
4868,11
4869,11
4870,11
4871,12
4872,12
4873,13
4874,13
4875,13
4876,14
4877,15
4878,15
4879,16
4880,17
4881,17
4882,18
4883,18
4884,19
4885,20
4886,21
4887,21
4888,22
4889,22
4890,22
4891,22
4892,22
4893,22
4894,21
4895,21
4896,21
4897,21
4898,21
4899,21
4900,20
4901,21
4902,21
4903,21
4904,20
4905,20
4906,20
4907,20
4908,20
4909,21
4910,21
4911,21
4912,21
4913,21
4914,22
4915,23
4916,23
4917,21
4918,21
4919,20
4920,21
4921,21
4922,21
4923,21
4924,21
4925,21
4926,20
4927,21
4928,21
4929,21
4930,20
4931,20
4932,21
4933,21
4934,22
4935,22
4936,23
4937,22
4938,21
4939,21
4940,22
4941,23
4942,23
4943,23
4944,24
4945,24
4946,23
4947,22
4948,21
4949,20
4950,20
4951,19
4952,19
4953,19
4954,18
4955,18
4956,19
4957,19
4958,19
4959,19
4960,19
4961,18
4962,18
4963,18
4964,17
4965,17
4966,17
4967,17
4968,17
4969,17
4970,17
4971,17
4972,17
4973,17
4974,17
4975,17
4976,17
4977,17
4978,17
4979,16
4980,16
4981,16
4982,16
4983,16
4984,16
4985,16
4986,16
4987,16
4988,16
4989,16
4990,16
4991,16
4992,16
4993,16
4994,16
4995,16
4996,15
4997,15
4998,15
4999,15
5000,15
5001,15
5002,15
5003,15
5004,15
5005,15
5006,15
5007,15
5008,15
5009,15
5010,15
5011,15
5012,15
5013,15
5014,15
5015,15
5016,15
5017,15
5018,15
5019,14
5020,14
5021,14
5022,14
5023,14
5024,14
5025,14
5026,14
5027,14
5028,14
5029,14
5030,14
5031,14
5032,14
5033,14
5034,14
5035,14
5036,14
5037,14
5038,14
5039,14
5040,14
5041,14
5042,14
5043,14
5044,14
5045,13
5046,13
5047,13
5048,13
5049,13
5050,13
5051,13
5052,13
5053,13
5054,13
5055,13
5056,13
5057,13
5058,13
5059,13
5060,13
5061,13
5062,13
5063,13
5064,13
5065,13
5066,13
5067,13
5068,13
5069,13
5070,13
5071,13
5072,13
5073,13
5074,13
5075,13
5076,13
5077,13
5078,12
5079,12
5080,12
5081,13
5082,12
5083,12
5084,12
5085,12
5086,12
5087,12
5088,12
5089,12
5090,12
5091,12
5092,12
5093,12
5094,12
5095,12
5096,12
5097,12
5098,12
5099,12
5100,12
5101,12
5102,12
5103,12
5104,12
5105,12
5106,12
5107,12
5108,12
5109,12
5110,12
5111,12
5112,12
5113,12
5114,12
5115,12
5116,12
5117,12
5118,12
5119,12
5120,12
5121,12
5122,12
5123,12
5124,12
5125,12
5126,12
5127,12
5128,11
5129,11
5130,11
5131,11
5132,11
5133,11
5134,11
5135,11
5136,11
5137,11
5138,11
5139,11
5140,11
5141,11
5142,11
5143,11
5144,11
5145,11
5146,11
5147,11
5148,11
5149,11
5150,11
5151,11
5152,11
5153,11
5154,11
5155,11
5156,11
5157,11
5158,11
5159,11
5160,12
5161,12
5162,13
5163,13
5164,14
5165,14
5166,15
5167,15
5168,16
5169,17
5170,17
5171,18
5172,19
5173,19
5174,20
5175,21
5176,22
5177,22
5178,22
5179,22
5180,22
5181,22
5182,22
5183,21
5184,21
5185,21
5186,21
5187,22
5188,21
5189,19
5190,19
5191,19
5192,20
5193,20
5194,21
5195,20
5196,19
5197,19
5198,20
5199,21
5200,21
5201,21
5202,20
5203,20
5204,20
5205,21
5206,22
5207,22
5208,21
5209,21
5210,21
5211,21
5212,20
5213,19
5214,19
5215,19
5216,20
5217,20
5218,21
5219,21
5220,21
5221,21
5222,22
5223,22
5224,22
5225,22
5226,22
5227,23
5228,23
5229,24
5230,25
5231,23
5232,22
5233,21
5234,21
5235,20
5236,20
5237,20
5238,20
5239,20
5240,20
5241,20
5242,20
5243,20
5244,20
5245,20
5246,20
5247,20
5248,19
5249,19
5250,18
5251,18
5252,18
5253,18
5254,18
5255,18
5256,17
5257,17
5258,17
5259,17
5260,17
5261,17
5262,17
5263,17
5264,17
5265,17
5266,17
5267,17
5268,17
5269,16
5270,16
5271,16
5272,16
5273,16
5274,16
5275,16
5276,16
5277,16
5278,16
5279,16
5280,16
5281,16
5282,15
5283,15
5284,15
5285,15
5286,15
5287,15
5288,15
5289,15
5290,15
5291,15
5292,15
5293,15
5294,15
5295,15
5296,15
5297,15
5298,15
5299,15
5300,15
5301,15
5302,14
5303,14
5304,14
5305,14
5306,14
5307,14
5308,14
5309,14
5310,14
5311,14
5312,14
5313,14
5314,14
5315,14
5316,14
5317,14
5318,14
5319,14
5320,14
5321,14
5322,14
5323,14
5324,14
5325,14
5326,14
5327,14
5328,14
5329,14
5330,13
5331,13
5332,13
5333,13
5334,13
5335,13
5336,13
5337,13
5338,13
5339,13
5340,13
5341,13
5342,13
5343,13
5344,13
5345,13
5346,13
5347,13
5348,13
5349,13
5350,13
5351,13
5352,13
5353,13
5354,13
5355,13
5356,13
5357,13
5358,13
5359,13
5360,12
5361,12
5362,12
5363,12
5364,12
5365,12
5366,12
5367,12
5368,12
5369,12
5370,12
5371,12
5372,12
5373,12
5374,12
5375,12
5376,12
5377,12
5378,12
5379,12
5380,12
5381,12
5382,12
5383,12
5384,12
5385,12
5386,12
5387,12
5388,12
5389,12
5390,12
5391,12
5392,12
5393,12
5394,12
5395,12
5396,12
5397,12
5398,12
5399,12
5400,12
5401,12
5402,12
5403,12
5404,12
5405,12
5406,12
5407,12
5408,11
5409,11
5410,11
5411,11
5412,11
5413,11
5414,11
5415,11
5416,11
5417,11
5418,11
5419,11
5420,11
5421,11
5422,11
5423,11
5424,11
5425,11
5426,11
5427,11
5428,11
5429,11
5430,11
5431,11
5432,11
5433,11
5434,11
5435,11
5436,11
5437,11
5438,11
5439,11
5440,11
5441,11
5442,11
5443,11
5444,11
5445,11
5446,11
5447,11
5448,11
5449,11
5450,12
5451,12
5452,12
5453,13
5454,13
5455,14
5456,14
5457,15
5458,16
5459,16
5460,17
5461,18
5462,19
5463,19
5464,20
5465,21
5466,21
5467,21
5468,21
5469,21
5470,21
5471,21
5472,21
5473,21
5474,21
5475,20
5476,20
5477,20
5478,20
5479,20
5480,20
5481,20
5482,20
5483,20
5484,20
5485,21
5486,21
5487,20
5488,20
5489,21
5490,21
5491,22
5492,22
5493,22
5494,22
5495,22
5496,22
5497,23
5498,23
5499,22
5500,21
5501,19
5502,18
5503,19
5504,19
5505,21
5506,22
5507,22
5508,22
5509,22
5510,22
5511,21
5512,22
5513,22
5514,22
5515,23
5516,23
5517,23
5518,22
5519,22
5520,22
5521,22
5522,22
5523,22
5524,22
5525,22
5526,22
5527,21
5528,21
5529,21
5530,21
5531,20
5532,20
5533,20
5534,20
5535,20
5536,20
5537,20
5538,19
5539,19
5540,19
5541,18
5542,18
5543,18
5544,17
5545,17
5546,17
5547,17
5548,17
5549,17
5550,17
5551,17
5552,17
5553,17
5554,17
5555,16
5556,16
5557,16
5558,16
5559,16
5560,16
5561,16
5562,16
5563,16
5564,16
5565,16
5566,16
5567,16
5568,16
5569,16
5570,16
5571,15
5572,15
5573,15
5574,15
5575,15
5576,15
5577,15
5578,15
5579,15
5580,15
5581,15
5582,15
5583,15
5584,15
5585,15
5586,15
5587,15
5588,15
5589,15
5590,15
5591,15
5592,15
5593,15
5594,14
5595,14
5596,14
5597,14
5598,14
5599,14
5600,14
5601,14
5602,14
5603,14
5604,14
5605,14
5606,14
5607,14
5608,14
5609,14
5610,14
5611,14
5612,14
5613,14
5614,14
5615,14
5616,14
5617,14
5618,14
5619,14
5620,14
5621,13
5622,13
5623,13
5624,13
5625,13
5626,13
5627,13
5628,13
5629,13
5630,13
5631,13
5632,13
5633,13
5634,13
5635,13
5636,13
5637,13
5638,13
5639,13
5640,13
5641,13
5642,13
5643,13
5644,13
5645,13
5646,13
5647,13
5648,13
5649,13
5650,13
5651,13
5652,13
5653,13
5654,13
5655,13
5656,13
5657,13
5658,13
5659,13
5660,13
5661,13
5662,13
5663,13
5664,12
5665,12
5666,12
5667,12
5668,12
5669,12
5670,12
5671,12
5672,12
5673,12
5674,12
5675,12
5676,12
5677,12
5678,12
5679,12
5680,12
5681,12
5682,12
5683,12
5684,12
5685,12
5686,12
5687,12
5688,12
5689,12
5690,12
5691,12
5692,12
5693,12
5694,12
5695,12
5696,12
5697,12
5698,12
5699,12
5700,12
5701,12
5702,12
5703,12
5704,12
5705,12
5706,12
5707,12
5708,12
5709,12
5710,11
5711,11
5712,11
5713,11
5714,11
5715,11
5716,11
5717,11
5718,11
5719,11
5720,11
5721,11
5722,11
5723,11
5724,11
5725,11
5726,11
5727,11
5728,11
5729,11
5730,11
5731,11
5732,11
5733,11
5734,11
5735,11
5736,11
5737,11
5738,11
5739,12
5740,12
5741,12
5742,13
5743,13
5744,14
5745,14
5746,15
5747,15
5748,16
5749,17
5750,17
5751,18
5752,19
5753,19
5754,20
5755,21
5756,21
5757,22
5758,22
5759,22
5760,22
5761,22
5762,21
5763,21
5764,21
5765,21
5766,21
5767,20
5768,20
5769,20
5770,20
5771,21
5772,21
5773,21
5774,20
5775,20
5776,20
5777,21
5778,22
5779,21
5780,20
5781,19
5782,20
5783,22
5784,23
5785,23
5786,22
5787,21
5788,21
5789,21
5790,22
5791,22
5792,21
5793,19
5794,19
5795,20
5796,21
5797,22
5798,22
5799,21
5800,22
5801,22
5802,21
5803,21
5804,20
5805,20
5806,20
5807,21
5808,21
5809,21
5810,21
5811,21
5812,21
5813,21
5814,21
5815,20
5816,20
5817,21
5818,21
5819,21
5820,21
5821,21
5822,21
5823,21
5824,20
5825,20
5826,19
5827,19
5828,18
5829,18
5830,17
5831,17
5832,17
5833,16
5834,16
5835,16
5836,15
5837,15
5838,15
5839,14
5840,14
5841,14
5842,14
5843,13
5844,13
5845,13
5846,13
5847,13
5848,13
5849,12
5850,12
5851,12
5852,12
5853,12
5854,12
5855,12
5856,11
5857,11
5858,11
5859,11
5860,11
5861,11
5862,11
5863,11
5864,11
5865,11
5866,10
5867,10
5868,10
5869,10
5870,10
5871,10
5872,10
5873,10
5874,10
5875,10
5876,10
5877,10
5878,9
5879,9
5880,9
5881,9
5882,9
5883,9
5884,9
5885,9
5886,9
5887,9
5888,9
5889,9
5890,9
5891,9
5892,9
5893,9
5894,9
5895,9
5896,9
5897,8
5898,8
5899,8
5900,8
5901,8
5902,8
5903,8
5904,8
5905,8
5906,8
5907,8
5908,8
5909,8
5910,8
5911,8
5912,8
5913,8
5914,8
5915,8
5916,8
5917,8
5918,8
5919,8
5920,8
5921,8
5922,8
5923,8
5924,8
5925,8
5926,8
5927,8
5928,8
5929,8
5930,8
5931,8
5932,8
5933,8
5934,8
5935,8
5936,8
5937,7
5938,7
5939,7
5940,7
5941,7
5942,7
5943,7
5944,7
5945,7
5946,7
5947,7
5948,7
5949,7
5950,7
5951,7
5952,7
5953,7
5954,7
5955,7
5956,6
5957,6
5958,6
5959,6
5960,6
5961,6
5962,6
5963,6
5964,6
5965,6
5966,6
5967,6
5968,6
5969,6
5970,6
5971,6
5972,6
5973,6
5974,6
5975,6
5976,6
5977,6
5978,6
5979,6
5980,6
5981,6
5982,6
5983,6
5984,6
5985,6
5986,5
5987,5
5988,5
5989,5
5990,5
5991,5
5992,5
5993,5
5994,5
5995,5
5996,5
5997,5
5998,5
5999,5
6000,5
6001,5
6002,5
6003,5
6004,5
6005,5
6006,5
6007,5
6008,5
6009,5
6010,5
6011,5
6012,5
6013,5
6014,5
6015,5
6016,5
6017,5
6018,5
6019,5
6020,5
6021,5
6022,5
6023,5
6024,5
6025,6
6026,6
6027,6
6028,6
6029,7
6030,7
6031,7
6032,8
6033,8
6034,9
6035,10
6036,11
6037,11
6038,12
6039,13
6040,14
6041,15
6042,15
6043,16
6044,17
6045,17
6046,18
6047,18
6048,18
6049,18
6050,18
6051,18
6052,18
6053,18
6054,18
6055,18
6056,19
6057,19
6058,19
6059,19
6060,20
6061,20
6062,20
6063,19
6064,19
6065,19
6066,19
6067,20
6068,21
6069,21
6070,21
6071,21
6072,21
6073,21
6074,22
6075,22
6076,22
6077,22
6078,20
6079,19
6080,19
6081,19
6082,20
6083,20
6084,21
6085,21
6086,21
6087,21
6088,21
6089,22
6090,22
6091,23
6092,23
6093,23
6094,22
6095,22
6096,22
6097,22
6098,22
6099,22
6100,22
6101,22
6102,22
6103,22
6104,22
6105,22
6106,21
6107,21
6108,21
6109,21
6110,20
6111,20
6112,20
6113,19
6114,19
6115,18
6116,18
6117,18
6118,17
6119,17
6120,16
6121,16
6122,16
6123,15
6124,15
6125,15
6126,15
6127,14
6128,14
6129,14
6130,13
6131,13
6132,13
6133,13
6134,13
6135,12
6136,12
6137,12
6138,12
6139,12
6140,12
6141,11
6142,11
6143,11
6144,11
6145,11
6146,11
6147,11
6148,11
6149,11
6150,10
6151,10
6152,10
6153,10
6154,10
6155,10
6156,10
6157,10
6158,10
6159,10
6160,10
6161,10
6162,9
6163,9
6164,9
6165,9
6166,9
6167,9
6168,9
6169,9
6170,9
6171,9
6172,9
6173,9
6174,9
6175,9
6176,9
6177,9
6178,8
6179,8
6180,8
6181,8
6182,8
6183,8
6184,8
6185,8
6186,8
6187,8
6188,8
6189,8
6190,8
6191,8
6192,8
6193,8
6194,8
6195,8
6196,8
6197,8
6198,7
6199,7
6200,7
6201,7
6202,7
6203,7
6204,7
6205,7
6206,7
6207,7
6208,7
6209,7
6210,7
6211,7
6212,7
6213,8
6214,7
6215,11
6216,11
6217,11
6218,11
6219,10
6220,10
6221,10
6222,10
6223,9
6224,9
6225,9
6226,8
6227,8
6228,8
6229,8
6230,8
6231,7
6232,7
6233,7
6234,7
6235,7
6236,7
6237,7
6238,7
6239,7
6240,7
6241,7
6242,7
6243,7
6244,7
6245,7
6246,7
6247,7
6248,7
6249,7
6250,7
6251,7
6252,6
6253,6
6254,6
6255,6
6256,6
6257,6
6258,6
6259,6
6260,6
6261,6
6262,6
6263,6
6264,6
6265,6
6266,6
6267,6
6268,6
6269,6
6270,6
6271,6
6272,6
6273,6
6274,6
6275,6
6276,6
6277,6
6278,6
6279,6
6280,6
6281,6
6282,6
6283,6
6284,6
6285,6
6286,6
6287,6
6288,6
6289,6
6290,5
6291,5
6292,5
6293,5
6294,5
6295,5
6296,5
6297,5
6298,5
6299,5
6300,5
6301,5
6302,5
6303,5
6304,5
6305,5
6306,5
6307,5
6308,5
6309,5
6310,4
6311,4
6312,4
6313,4
6314,4
6315,4
6316,4
6317,4
6318,4
6319,4
6320,4
6321,4
6322,4
6323,4
6324,4
6325,4
6326,4
6327,4
6328,4
6329,4
6330,4
6331,4
6332,4
6333,3
6334,3
6335,3
6336,3
6337,3
6338,3
6339,3
6340,3
6341,3
6342,3
6343,3
6344,3
6345,3
6346,3
6347,3
6348,3
6349,3
6350,3
6351,3
6352,3
6353,3
6354,3
6355,3
6356,3
6357,3
6358,3
6359,2
6360,2
6361,2
6362,2
6363,2
6364,2
6365,2
6366,2
6367,2
6368,2
6369,2
6370,2
6371,2
6372,2
6373,2
6374,2
6375,2
6376,2
6377,2
6378,2
6379,2
6380,2
6381,2
6382,2
6383,2
6384,2
6385,2
6386,2
6387,2
6388,1
6389,1
6390,1
6391,1
6392,1
6393,1
6394,1
6395,1
6396,1
6397,1
6398,1
6399,1
6400,1
6401,1
6402,1
6403,1
6404,1
6405,1
6406,1
6407,1
6408,1
6409,1
6410,1
6411,2
6412,2
6413,2
6414,2
6415,2
6416,2
6417,2
6418,2
6419,2
6420,2
6421,2
6422,2
6423,2
6424,2
6425,3
6426,3
6427,4
6428,4
6429,4
6430,5
6431,5
6432,5
6433,6
6434,6
6435,7
6436,7
6437,7
6438,8
6439,8
6440,8
6441,9
6442,9
6443,9
6444,9
6445,10
6446,10
6447,9
6448,9
6449,10
6450,10
6451,10
6452,11
6453,11
6454,11
6455,11
6456,11
6457,12
6458,12
6459,12
6460,12
6461,12
6462,12
6463,12
6464,11
6465,10
6466,9
6467,9
6468,9
6469,8
6470,8
6471,8
6472,8
6473,8
6474,7
6475,5
6476,6
6477,7
6478,9
6479,10
6480,11
6481,12
6482,12
6483,13
6484,13
6485,13
6486,13
6487,13
6488,13
6489,14
6490,14
6491,14
6492,15
6493,15
6494,16
6495,16
6496,16
6497,17
6498,17
6499,18
6500,18
6501,19
6502,19
6503,20
6504,21
6505,22
6506,22
6507,22
6508,23
6509,23
6510,23
6511,23
6512,23
6513,22
6514,23
6515,23
6516,23
6517,23
6518,24
6519,24
6520,25
6521,26
6522,27
6523,27
6524,27
6525,27
6526,28
6527,27
6528,27
6529,27
6530,27
6531,26
6532,26
6533,25
6534,25
6535,25
6536,24
6537,24
6538,24
6539,23
6540,23
6541,23
6542,22
6543,22
6544,21
6545,21
6546,21
6547,20
6548,18
6549,17
6550,17
6551,16
6552,16
6553,6
6554,6
6555,6
6556,6
6557,6
6558,6
6559,6
6560,6
6561,6
6562,6
6563,6
6564,6
6565,6
6566,6
6567,6
6568,6
6569,6
6570,6
6571,6
6572,6
6573,6
6574,6
6575,6
6576,6
6577,7
6578,7
6579,7
6580,7
6581,7
6582,7
6583,7
6584,7
6585,7
6586,7
6587,7
6588,7
6589,7
6590,7
6591,7
6592,7
6593,7
6594,7
6595,8
6596,7
6597,8
6598,8
6599,8
6600,8
6601,8
6602,8
6603,8
6604,8
6605,8
6606,8
6607,8
6608,8
6609,8
6610,8
6611,8
6612,8
6613,8
6614,8
6615,8
6616,8
6617,8
6618,8
6619,8
6620,9
6621,9
6622,9
6623,9
6624,9
6625,9
6626,9
6627,8
6628,8
6629,8
6630,8
6631,8
6632,8
6633,8
6634,8
6635,8
6636,8
6637,8
6638,8
6639,8
6640,8
6641,9
6642,9
6643,4
6644,4
6645,0
6646,0
6647,0
6648,0
6649,0
6650,0
6651,0
6652,0
6653,0
6654,0
6655,0
6656,0
6657,0
6658,0
6659,0
6660,0
6661,0
6662,0
6663,0
6664,0
6665,0
6666,0
6667,0
6668,0
6669,0
6670,0
6671,0
6672,0
6673,0
6674,0
6675,0
6676,0
6677,0
6678,0
6679,0
6680,0
6681,0
6682,0
6683,0
6684,1
6685,0
6686,0
6687,0
6688,1
6689,1
6690,1
6691,1
6692,1
6693,1
6694,1
6695,1
6696,1
6697,1
6698,1
6699,1
6700,1
6701,1
6702,1
6703,1
6704,1
6705,1
6706,1
6707,1
6708,1
6709,1
6710,1
6711,1
6712,1
6713,1
6714,0
6715,0
6716,0
6717,0
6718,0
6719,0
6720,0
6721,0
6722,0
6723,0
6724,0
6725,0
6726,0
6727,0
6728,0
6729,0
6730,0
6731,0
6732,0
6733,0
6734,0
6735,0
6736,0
6737,0
6738,0
6739,0
6740,0
6741,0
6742,0
6743,1
6744,1
6745,1
6746,1
6747,1
6748,1
6749,1
6750,1
6751,1
6752,1
6753,1
6754,1
6755,1
6756,1
6757,1
6758,1
6759,1
6760,1
6761,1
6762,1
6763,1
6764,2
6765,2
6766,2
6767,2
6768,2
6769,2
6770,2
6771,2
6772,2
6773,2
6774,2
6775,2
6776,2
6777,2
6778,2
6779,2
6780,2
6781,2
6782,2
6783,2
6784,2
6785,2
6786,2
6787,2
6788,2
6789,2
6790,2
6791,2
6792,2
6793,2
6794,2
6795,2
6796,2
6797,2
6798,2
6799,2
6800,2
6801,0
6802,0
6803,0
6804,0
6805,0
6806,0
6807,0
6808,0
6809,0
6810,0
6811,0
6812,0
6813,0
6814,0
6815,0
6816,0
6817,0
6818,0
6819,1
6820,1
6821,1
6822,1
6823,1
6824,1
6825,1
6826,1
6827,1
6828,1
6829,1
6830,1
6831,1
6832,1
6833,1
6834,1
6835,1
6836,1
6837,1
6838,1
6839,1
6840,1
6841,2
6842,2
6843,2
6844,2
6845,2
6846,2
6847,2
6848,2
6849,2
6850,2
6851,2
6852,2
6853,2
6854,2
6855,2
6856,2
6857,2
6858,3
6859,3
6860,3
6861,3
6862,3
6863,3
6864,3
6865,3
6866,3
6867,3
6868,3
6869,3
6870,3
6871,3
6872,3
6873,3
6874,3
6875,3
6876,3
6877,3
6878,3
6879,3
6880,3
6881,3
6882,3
6883,3
6884,1
6885,1
6886,1
6887,1
6888,1
6889,1
6890,1
6891,1
6892,1
6893,1
6894,1
6895,2
6896,2
6897,2
6898,2
6899,2
6900,2
6901,2
6902,2
6903,2
6904,2
6905,2
6906,2
6907,2
6908,2
6909,2
6910,3
6911,3
6912,3
6913,3
6914,3
6915,3
6916,3
6917,3
6918,3
6919,3
6920,3
6921,3
6922,3
6923,3
6924,3
6925,3
6926,3
6927,3
6928,3
6929,3
6930,3
6931,3
6932,3
6933,3
6934,4
6935,4
6936,4
6937,4
6938,4
6939,4
6940,4
6941,4
6942,4
6943,4
6944,4
6945,4
6946,4
6947,4
6948,4
6949,4
6950,4
6951,6
6952,8
6953,10
6954,12
6955,13
6956,13
6957,14
6958,15
6959,16
6960,16
6961,16
6962,16
6963,16
6964,16
6965,16
6966,16
6967,16
6968,16
6969,16
6970,16
6971,15
6972,15
6973,15
6974,14
6975,14
6976,14
6977,14
6978,13
6979,13
6980,7
6981,7
6982,8
6983,10
6984,11
6985,11
6986,12
6987,13
6988,13
6989,14
6990,14
6991,15
6992,15
6993,15
6994,14
6995,14
6996,13
6997,13
6998,13
6999,12
7000,12
7001,12
7002,12
7003,12
7004,12
7005,12
7006,13
7007,13
7008,13
7009,13
7010,14
7011,14
7012,14
7013,15
7014,15
7015,16
7016,16
7017,16
7018,16
7019,16
7020,16
7021,16
7022,16
7023,16
7024,16
7025,17
7026,17
7027,18
7028,18
7029,19
7030,19
7031,20
7032,20
7033,21
7034,20
7035,20
7036,20
7037,20
7038,19
7039,19
7040,19
7041,19
7042,19
7043,18
7044,18
7045,18
7046,18
7047,17
7048,17
7049,17
7050,17
7051,16
7052,16
7053,16
7054,15
7055,15
7056,11
7057,12
7058,13
7059,14
7060,15
7061,16
7062,17
7063,18
7064,19
7065,19
7066,20
7067,21
7068,21
7069,22
7070,21
7071,21
7072,21
7073,21
7074,21
7075,21
7076,21
7077,21
7078,21
7079,21
7080,21
7081,21
7082,22
7083,22
7084,23
7085,23
7086,23
7087,24
7088,24
7089,24
7090,25
7091,25
7092,26
7093,26
7094,26
7095,26
7096,26
7097,26
7098,27
7099,27
7100,27
7101,28
7102,28
7103,28
7104,29
7105,30
7106,31
7107,32
7108,33
7109,33
7110,33
7111,32
7112,32
7113,32
7114,32
7115,32
7116,32
7117,32
7118,31
7119,31
7120,30
7121,30
7122,30
7123,30
7124,29
7125,29
7126,29
7127,28
7128,28
7129,27
7130,27
7131,26
7132,26
7133,26
7134,25
7135,25
7136,24
7137,24
7138,23
7139,23
7140,22
7141,4
7142,4
7143,4
7144,4
7145,5
7146,5
7147,5
7148,5
7149,5
7150,5
7151,6
7152,6
7153,6
7154,6
7155,6
7156,7
7157,7
7158,7
7159,8
7160,8
7161,8
7162,8
7163,8
7164,9
7165,9
7166,9
7167,10
7168,10
7169,11
7170,12
7171,12
7172,12
7173,13
7174,13
7175,13
7176,14
7177,14
7178,14
7179,14
7180,14
7181,14
7182,15
7183,15
7184,15
7185,16
7186,16
7187,16
7188,16
7189,17
7190,17
7191,17
7192,17
7193,17
7194,18
7195,18
7196,18
7197,18
7198,18
7199,18
7200,18
7201,19
7202,19
7203,19
7204,19
7205,20
7206,20
7207,21
7208,21
7209,21
7210,22
7211,22
7212,21
7213,22
7214,22
7215,22
7216,22
7217,22
7218,22
7219,21
7220,21
7221,21
7222,21
7223,21
7224,21
7225,20
7226,20
7227,20
7228,20
7229,19
7230,19
7231,3
7232,3
7233,3
7234,3
7235,4
7236,4
7237,5
7238,5
7239,6
7240,6
7241,7
7242,8
7243,9
7244,10
7245,11
7246,12
7247,13
7248,13
7249,14
7250,15
7251,16
7252,17
7253,18
7254,18
7255,19
7256,20
7257,21
7258,22
7259,22
7260,23
7261,24
7262,24
7263,23
7264,24
7265,24
7266,23
7267,23
7268,23
7269,22
7270,23
7271,23
7272,23
7273,23
7274,23
7275,23
7276,24
7277,24
7278,24
7279,24
7280,25
7281,25
7282,25
7283,26
7284,26
7285,27
7286,27
7287,27
7288,27
7289,27
7290,27
7291,28
7292,28
7293,28
7294,29
7295,29
7296,29
7297,30
7298,31
7299,32
7300,32
7301,33
7302,34
7303,34
7304,33
7305,33
7306,33
7307,33
7308,32
7309,32
7310,32
7311,31
7312,31
7313,30
7314,30
7315,30
7316,29
7317,29
7318,29
7319,28
7320,28
7321,27
7322,27
7323,26
7324,26
7325,25
7326,25
7327,24
7328,24
7329,24
7330,23
7331,23
7332,7
7333,7
7334,8
7335,9
7336,10
7337,11
7338,12
7339,13
7340,14
7341,15
7342,17
7343,17
7344,18
7345,19
7346,19
7347,20
7348,21
7349,22
7350,23
7351,23
7352,23
7353,24
7354,25
7355,25
7356,25
7357,25
7358,25
7359,24
7360,24
7361,24
7362,23
7363,23
7364,23
7365,23
7366,23
7367,24
7368,24
7369,24
7370,24
7371,24
7372,25
7373,25
7374,25
7375,26
7376,26
7377,26
7378,27
7379,27
7380,27
7381,27
7382,27
7383,27
7384,27
7385,28
7386,28
7387,28
7388,29
7389,29
7390,30
7391,31
7392,32
7393,32
7394,33
7395,33
7396,33
7397,33
7398,33
7399,33
7400,33
7401,32
7402,32
7403,32
7404,32
7405,31
7406,31
7407,30
7408,30
7409,30
7410,30
7411,29
7412,29
7413,29
7414,28
7415,28
7416,27
7417,27
7418,26
7419,26
7420,25
7421,25
7422,24
7423,24
7424,24
7425,23
7426,23
7427,22
7428,5
7429,5
7430,5
7431,5
7432,6
7433,6
7434,6
7435,6
7436,6
7437,7
7438,7
7439,7
7440,7
7441,7
7442,7
7443,8
7444,8
7445,9
7446,9
7447,9
7448,9
7449,9
7450,9
7451,9
7452,9
7453,10
7454,10
7455,11
7456,12
7457,13
7458,13
7459,13
7460,14
7461,14
7462,14
7463,14
7464,14
7465,14
7466,14
7467,14
7468,15
7469,15
7470,14
7471,14
7472,14
7473,14
7474,14
7475,14
7476,14
7477,14
7478,14
7479,14
7480,15
7481,15
7482,15
7483,15
7484,15
7485,15
7486,16
7487,16
7488,16
7489,16
7490,17
7491,17
7492,17
7493,18
7494,18
7495,20
7496,20
7497,20
7498,19
7499,19
7500,19
7501,19
7502,19
7503,20
7504,20
7505,20
7506,19
7507,19
7508,18
7509,18
7510,18
7511,17
7512,17
7513,17
7514,16
7515,16
7516,16
7517,16
7518,16
7519,16
7520,9
7521,9
7522,9
7523,10
7524,10
7525,10
7526,10
7527,10
7528,10
7529,10
7530,10
7531,10
7532,11
7533,11
7534,11
7535,11
7536,11
7537,11
7538,11
7539,11
7540,11
7541,12
7542,12
7543,12
7544,12
7545,12
7546,12
7547,12
7548,13
7549,13
7550,13
7551,13
7552,14
7553,14
7554,14
7555,14
7556,14
7557,14
7558,14
7559,14
7560,13
7561,13
7562,13
7563,13
7564,13
7565,13
7566,13
7567,13
7568,13
7569,13
7570,13
7571,13
7572,13
7573,13
7574,13
7575,13
7576,12
7577,12
7578,12
7579,12
7580,12
7581,12
7582,12
7583,12
7584,12
7585,19
7586,18
7587,19
7588,19
7589,20
7590,20
7591,21
7592,21
7593,21
7594,22
7595,21
7596,21
7597,22
7598,21
7599,21
7600,20
7601,20
7602,20
7603,19
7604,19
7605,19
7606,19
7607,18
7608,18
7609,18
7610,18
7611,18
7612,17
7613,17
7614,17
7615,17
7616,16
7617,16
7618,16
7619,16
7620,15
7621,15
7622,15
7623,15
7624,14
7625,11
7626,11
7627,11
7628,10
7629,10
7630,10
7631,10
7632,10
7633,10
7634,10
7635,10
7636,10
7637,10
7638,10
7639,10
7640,10
7641,10
7642,10
7643,10
7644,10
7645,10
7646,10
7647,10
7648,10
7649,10
7650,10
7651,10
7652,10
7653,10
7654,10
7655,9
7656,9
7657,9
7658,9
7659,9
7660,9
7661,9
7662,9
7663,9
7664,3
7665,3
7666,3
7667,3
7668,4
7669,4
7670,4
7671,5
7672,5
7673,5
7674,5
7675,5
7676,6
7677,7
7678,7
7679,8
7680,10
7681,11
7682,11
7683,12
7684,13
7685,14
7686,13
7687,14
7688,14
7689,14
7690,14
7691,15
7692,15
7693,15
7694,15
7695,15
7696,15
7697,15
7698,15
7699,15
7700,16
7701,16
7702,16
7703,16
7704,16
7705,17
7706,17
7707,17
7708,17
7709,18
7710,18
7711,18
7712,19
7713,19
7714,19
7715,20
7716,20
7717,20
7718,20
7719,20
7720,21
7721,21
7722,21
7723,22
7724,22
7725,23
7726,24
7727,25
7728,26
7729,27
7730,27
7731,27
7732,28
7733,28
7734,27
7735,27
7736,27
7737,27
7738,26
7739,26
7740,26
7741,26
7742,26
7743,25
7744,25
7745,25
7746,24
7747,24
7748,24
7749,24
7750,23
7751,23
7752,23
7753,22
7754,22
7755,21
7756,21
7757,20
7758,20
7759,20
7760,20
7761,19
7762,19
7763,19
7764,18
7765,18
7766,17
7767,17
7768,7
7769,7
7770,9
7771,10
7772,11
7773,12
7774,13
7775,14
7776,15
7777,15
7778,16
7779,17
7780,17
7781,18
7782,19
7783,19
7784,20
7785,20
7786,20
7787,21
7788,22
7789,22
7790,22
7791,23
7792,23
7793,22
7794,21
7795,21
7796,20
7797,20
7798,20
7799,20
7800,20
7801,20
7802,20
7803,20
7804,20
7805,20
7806,20
7807,20
7808,20
7809,21
7810,21
7811,22
7812,22
7813,22
7814,22
7815,22
7816,22
7817,22
7818,22
7819,23
7820,23
7821,23
7822,24
7823,25
7824,26
7825,26
7826,26
7827,25
7828,25
7829,25
7830,25
7831,24
7832,24
7833,24
7834,24
7835,23
7836,23
7837,23
7838,23
7839,22
7840,22
7841,21
7842,21
7843,20
7844,20
7845,20
7846,19
7847,19
7848,19
7849,19
7850,19
7851,19
7852,19
7853,19
7854,18
7855,18
7856,18
7857,17
7858,4
7859,4
7860,5
7861,5
7862,5
7863,5
7864,6
7865,6
7866,6
7867,6
7868,7
7869,7
7870,7
7871,7
7872,8
7873,8
7874,9
7875,11
7876,11
7877,12
7878,13
7879,14
7880,14
7881,15
7882,15
7883,16
7884,17
7885,17
7886,17
7887,18
7888,19
7889,19
7890,19
7891,19
7892,19
7893,19
7894,18
7895,18
7896,18
7897,18
7898,18
7899,18
7900,18
7901,18
7902,19
7903,19
7904,19
7905,19
7906,19
7907,20
7908,20
7909,20
7910,20
7911,21
7912,21
7913,21
7914,22
7915,22
7916,22
7917,22
7918,23
7919,23
7920,24
7921,24
7922,25
7923,26
7924,27
7925,28
7926,29
7927,29
7928,30
7929,30
7930,30
7931,29
7932,28
7933,28
7934,28
7935,27
7936,27
7937,27
7938,27
7939,27
7940,27
7941,27
7942,27
7943,27
7944,27
7945,27
7946,27
7947,26
7948,26
7949,26
7950,25
7951,25
7952,25
7953,24
7954,24
7955,23
7956,23
7957,23
7958,22
7959,22
7960,21
7961,29
7962,29
7963,30
7964,29
7965,30
7966,30
7967,30
7968,30
7969,30
7970,30
7971,30
7972,29
7973,29
7974,29
7975,29
7976,29
7977,28
7978,28
7979,28
7980,28
7981,27
7982,27
7983,27
7984,27
7985,26
7986,26
7987,25
7988,25
7989,25
7990,24
7991,24
7992,24
7993,23
7994,23
7995,22
7996,22
7997,22
7998,21
7999,21
8000,20
8001,20
8002,18
8003,18
8004,18
8005,19
8006,20
8007,20
8008,21
8009,21
8010,21
8011,21
8012,21
8013,21
8014,21
8015,21
8016,21
8017,21
8018,21
8019,21
8020,21
8021,21
8022,21
8023,21
8024,21
8025,21
8026,21
8027,22
8028,22
8029,22
8030,23
8031,23
8032,23
8033,23
8034,23
8035,23
8036,23
8037,23
8038,23
8039,24
8040,24
8041,24
8042,24
8043,24
8044,24
8045,24
8046,24
8047,25
8048,25
8049,24
8050,24
8051,24
8052,23
8053,23
8054,23
8055,23
8056,23
8057,23
8058,23
8059,23
8060,23
8061,23
8062,23
8063,23
8064,22
8065,22
8066,22
8067,21
8068,21
8069,21
8070,21
8071,21
8072,21
8073,20
8074,20
8075,20
8076,20
8077,19
8078,19
8079,19
8080,8
8081,8
8082,8
8083,8
8084,9
8085,9
8086,9
8087,9
8088,9
8089,9
8090,9
8091,9
8092,10
8093,10
8094,10
8095,10
8096,10
8097,10
8098,10
8099,10
8100,10
8101,10
8102,11
8103,11
8104,11
8105,11
8106,11
8107,11
8108,11
8109,11
8110,11
8111,11
8112,11
8113,11
8114,12
8115,12
8116,12
8117,12
8118,12
8119,12
8120,12
8121,12
8122,12
8123,12
8124,12
8125,12
8126,12
8127,12
8128,12
8129,12
8130,12
8131,12
8132,12
8133,12
8134,12
8135,12
8136,12
8137,13
8138,13
8139,12
8140,12
8141,12
8142,12
8143,12
8144,12
8145,12
8146,12
8147,12
8148,12
8149,12
8150,12
8151,12
8152,12
8153,12
8154,12
8155,12
8156,12
8157,12
8158,12
8159,12
8160,12
8161,12
8162,12
8163,12
8164,12
8165,12
8166,12
8167,12
8168,12
8169,12
8170,12
8171,12
8172,12
8173,12
8174,11
8175,11
8176,11
8177,11
8178,11
8179,11
8180,11
8181,11
8182,11
8183,5
8184,5
8185,5
8186,6
8187,6
8188,7
8189,7
8190,8
8191,8
8192,9
8193,9
8194,10
8195,11
8196,12
8197,13
8198,15
8199,16
8200,18
8201,19
8202,20
8203,21
8204,22
8205,23
8206,24
8207,24
8208,24
8209,25
8210,26
8211,26
8212,27
8213,27
8214,27
8215,27
8216,26
8217,26
8218,26
8219,25
8220,25
8221,25
8222,25
8223,25
8224,25
8225,25
8226,25
8227,25
8228,25
8229,26
8230,26
8231,26
8232,26
8233,27
8234,27
8235,27
8236,27
8237,27
8238,28
8239,28
8240,28
8241,29
8242,29
8243,30
8244,31
8245,31
8246,33
8247,34
8248,34
8249,34
8250,35
8251,35
8252,35
8253,34
8254,34
8255,34
8256,34
8257,33
8258,33
8259,33
8260,33
8261,32
8262,32
8263,32
8264,31
8265,31
8266,31
8267,30
8268,30
8269,30
8270,29
8271,29
8272,28
8273,28
8274,27
8275,27
8276,26
8277,26
8278,26
8279,25
8280,25
8281,24
8282,24
8283,23
8284,23
8285,22
8286,22
8287,21
8288,8
8289,8
8290,9
8291,10
8292,11
8293,12
8294,13
8295,14
8296,14
8297,15
8298,16
8299,17
8300,18
8301,19
8302,20
8303,20
8304,21
8305,21
8306,22
8307,22
8308,23
8309,24
8310,24
8311,24
8312,25
8313,26
8314,26
8315,27
8316,27
8317,27
8318,26
8319,25
8320,25
8321,25
8322,24
8323,24
8324,23
8325,23
8326,23
8327,23
8328,23
8329,23
8330,24
8331,24
8332,24
8333,24
8334,24
8335,25
8336,25
8337,25
8338,25
8339,25
8340,26
8341,26
8342,26
8343,27
8344,27
8345,28
8346,28
8347,30
8348,30
8349,31
8350,32
8351,33
8352,33
8353,33
8354,34
8355,34
8356,33
8357,32
8358,32
8359,32
8360,31
8361,31
8362,31
8363,31
8364,30
8365,30
8366,29
8367,29
8368,28
8369,28
8370,27
8371,27
8372,26
8373,26
8374,26
8375,25
8376,25
8377,24
8378,24
8379,24
8380,23
8381,23
8382,22
8383,22
8384,21
8385,21
8386,20
8387,20
8388,19
8389,19
8390,18
8391,17
8392,17
8393,16
8394,6
8395,6
8396,7
8397,7
8398,8
8399,8
8400,9
8401,11
8402,12
8403,13
8404,14
8405,15
8406,16
8407,17
8408,19
8409,19
8410,20
8411,21
8412,22
8413,23
8414,24
8415,24
8416,25
8417,26
8418,26
8419,26
8420,27
8421,28
8422,28
8423,29
8424,30
8425,29
8426,29
8427,28
8428,28
8429,28
8430,27
8431,27
8432,27
8433,27
8434,27
8435,27
8436,27
8437,27
8438,27
8439,27
8440,28
8441,28
8442,28
8443,28
8444,29
8445,29
8446,29
8447,29
8448,30
8449,30
8450,30
8451,30
8452,31
8453,32
8454,32
8455,33
8456,33
8457,34
8458,35
8459,35
8460,35
8461,36
8462,36
8463,35
8464,35
8465,34
8466,35
8467,35
8468,34
8469,34
8470,33
8471,33
8472,32
8473,31
8474,31
8475,30
8476,30
8477,29
8478,29
8479,29
8480,28
8481,28
8482,28
8483,27
8484,26
8485,26
8486,25
8487,25
8488,25
8489,25
8490,25
8491,24
8492,23
8493,23
8494,22
8495,21
8496,7
8497,7
8498,7
8499,8
8500,8
8501,9
8502,9
8503,10
8504,10
8505,11
8506,11
8507,11
8508,11
8509,12
8510,12
8511,12
8512,13
8513,13
8514,13
8515,13
8516,14
8517,15
8518,17
8519,17
8520,17
8521,17
8522,18
8523,17
8524,17
8525,18
8526,18
8527,19
8528,19
8529,19
8530,19
8531,20
8532,20
8533,20
8534,20
8535,20
8536,20
8537,19
8538,19
8539,19
8540,19
8541,19
8542,20
8543,20
8544,20
8545,20
8546,19
8547,20
8548,20
8549,20
8550,20
8551,21
8552,21
8553,22
8554,23
8555,24
8556,24
8557,25
8558,25
8559,26
8560,28
8561,28
8562,29
8563,30
8564,31
8565,31
8566,32
8567,32
8568,32
8569,32
8570,32
8571,32
8572,32
8573,32
8574,32
8575,31
8576,31
8577,31
8578,30
8579,29
8580,29
8581,29
8582,28
8583,28
8584,28
8585,27
8586,27
8587,27
8588,26
8589,26
8590,25
8591,25
8592,25
8593,24
8594,24
8595,24
8596,24
8597,23
8598,23
8599,22
8600,22
8601,22
8602,21
8603,21
8604,20
8605,17
8606,17
8607,18
8608,18
8609,19
8610,20
8611,21
8612,22
8613,22
8614,23
8615,23
8616,24
8617,24
8618,25
8619,25
8620,26
8621,26
8622,27
8623,28
8624,28
8625,27
8626,27
8627,27
8628,27
8629,27
8630,27
8631,27
8632,27
8633,27
8634,27
8635,27
8636,28
8637,28
8638,28
8639,29
8640,29
8641,29
8642,30
8643,30
8644,30
8645,30
8646,30
8647,31
8648,31
8649,31
8650,32
8651,32
8652,32
8653,33
8654,34
8655,34
8656,34
8657,35
8658,35
8659,34
8660,33
8661,33
8662,33
8663,32
8664,32
8665,32
8666,33
8667,33
8668,32
8669,33
8670,33
8671,32
8672,32
8673,32
8674,32
8675,32
8676,32
8677,32
8678,32
8679,32
8680,31
8681,31
8682,31
8683,30
8684,30
8685,29
8686,29
8687,28
8688,28
8689,27
8690,27
8691,26
8692,26
8693,25
8694,24
8695,24
8696,23
8697,23
8698,22
8699,22
8700,21
8701,21
8702,20
8703,20
8704,20
8705,19
8706,19
8707,18
8708,18
8709,18
8710,17
8711,17
8712,17
8713,16
8714,16
8715,16
8716,16
8717,15
8718,15
8719,15
8720,15
8721,15
8722,14
8723,14
8724,14
8725,14
8726,14
8727,14
8728,13
8729,13
8730,13
8731,13
8732,13
8733,13
8734,13
8735,13
8736,13
8737,12
8738,12
8739,12
8740,12
8741,12
8742,12
8743,12
8744,12
8745,12
8746,12
8747,12
8748,11
8749,11
8750,11
8751,11
8752,11
8753,11
8754,11
8755,11
8756,11
8757,11
8758,11
8759,11
8760,10
8761,10
8762,10
8763,10
8764,10
8765,10
8766,10
8767,10
8768,10
8769,10
8770,10
8771,10
8772,10
8773,10
8774,10
8775,10
8776,9
8777,9
8778,9
8779,9
8780,9
8781,9
8782,9
8783,9
8784,9
8785,9
8786,9
8787,9
8788,9
8789,9
8790,9
8791,9
8792,9
8793,9
8794,9
8795,9
8796,9
8797,9
8798,9
8799,8
8800,8
8801,8
8802,8
8803,8
8804,8
8805,8
8806,8
8807,8
8808,8
8809,8
8810,8
8811,8
8812,8
8813,8
8814,8
8815,8
8816,8
8817,8
8818,8
8819,8
8820,8
8821,8
8822,8
8823,8
8824,8
8825,8
8826,8
8827,8
8828,8
8829,8
8830,7
8831,7
8832,7
8833,7
8834,7
8835,7
8836,7
8837,7
8838,7
8839,7
8840,7
8841,7
8842,7
8843,7
8844,7
8845,7
8846,7
8847,7
8848,7
8849,7
8850,7
8851,7
8852,7
8853,7
8854,7
8855,7
8856,7
8857,6
8858,6
8859,6
8860,6
8861,6
8862,6
8863,6
8864,6
8865,6
8866,6
8867,6
8868,6
8869,6
8870,7
8871,7
8872,7
8873,7
8874,7
8875,7
8876,8
8877,8
8878,8
8879,9
8880,9
8881,9
8882,10
8883,11
8884,12
8885,12
8886,13
8887,14
8888,15
8889,15
8890,16
8891,17
8892,18
8893,19
8894,20
8895,21
8896,21
8897,22
8898,23
8899,23
8900,24
8901,25
8902,25
8903,26
8904,27
8905,27
8906,28
8907,28
8908,29
8909,29
8910,30
8911,30
8912,30
8913,29
8914,29
8915,29
8916,29
8917,28
8918,28
8919,27
8920,27
8921,27
8922,27
8923,27
8924,27
8925,27
8926,28
8927,28
8928,28
8929,28
8930,28
8931,28
8932,29
8933,29
8934,29
8935,29
8936,29
8937,30
8938,30
8939,31
8940,31
8941,32
8942,34
8943,33
8944,34
8945,35
8946,36
8947,35
8948,36
8949,37
8950,37
8951,36
8952,35
8953,35
8954,35
8955,34
8956,34
8957,34
8958,34
8959,33
8960,33
8961,33
8962,32
8963,32
8964,32
8965,31
8966,31
8967,30
8968,30
8969,29
8970,29
8971,28
8972,28
8973,27
8974,27
8975,26
8976,7
8977,8
8978,8
8979,8
8980,9
8981,10
8982,11
8983,12
8984,13
8985,14
8986,14
8987,15
8988,16
8989,18
8990,19
8991,20
8992,20
8993,22
8994,22
8995,23
8996,24
8997,24
8998,26
8999,26
9000,26
9001,27
9002,28
9003,28
9004,29
9005,30
9006,30
9007,30
9008,31
9009,32
9010,32
9011,31
9012,31
9013,31
9014,30
9015,30
9016,29
9017,29
9018,29
9019,29
9020,29
9021,29
9022,29
9023,29
9024,29
9025,29
9026,30
9027,30
9028,30
9029,30
9030,30
9031,31
9032,31
9033,31
9034,31
9035,32
9036,32
9037,33
9038,34
9039,35
9040,36
9041,36
9042,37
9043,38
9044,38
9045,38
9046,39
9047,39
9048,39
9049,38
9050,37
9051,38
9052,38
9053,37
9054,37
9055,37
9056,37
9057,36
9058,36
9059,35
9060,35
9061,35
9062,35
9063,34
9064,34
9065,33
9066,33
9067,32
9068,32
9069,31
9070,31
9071,30
9072,30
9073,29
9074,29
9075,28
9076,28
9077,27
9078,27
9079,26
9080,26
9081,26
9082,8
9083,8
9084,8
9085,8
9086,8
9087,9
9088,9
9089,9
9090,10
9091,11
9092,11
9093,12
9094,13
9095,13
9096,14
9097,15
9098,16
9099,17
9100,18
9101,18
9102,20
9103,21
9104,22
9105,22
9106,23
9107,24
9108,25
9109,26
9110,26
9111,27
9112,28
9113,28
9114,29
9115,30
9116,30
9117,31
9118,32
9119,32
9120,32
9121,34
9122,35
9123,34
9124,34
9125,34
9126,34
9127,33
9128,33
9129,33
9130,32
9131,32
9132,32
9133,32
9134,32
9135,32
9136,32
9137,33
9138,33
9139,33
9140,33
9141,34
9142,34
9143,34
9144,35
9145,35
9146,35
9147,35
9148,36
9149,36
9150,37
9151,38
9152,38
9153,39
9154,39
9155,40
9156,41
9157,41
9158,41
9159,41
9160,41
9161,41
9162,41
9163,40
9164,40
9165,40
9166,39
9167,39
9168,39
9169,39
9170,38
9171,38
9172,38
9173,37
9174,37
9175,37
9176,36
9177,36
9178,36
9179,35
9180,35
9181,34
9182,33
9183,33
9184,32
9185,32
9186,32
9187,31
9188,31
9189,30
9190,30
9191,29
9192,29
9193,28
9194,28
9195,27
9196,27
9197,26
9198,25
9199,25
9200,24
9201,23
9202,23
9203,22
9204,22
9205,21
9206,21
9207,21
9208,20
9209,20
9210,19
9211,19
9212,19
9213,18
9214,18
9215,18
9216,18
9217,17
9218,17
9219,17
9220,17
9221,17
9222,16
9223,16
9224,16
9225,16
9226,16
9227,15
9228,15
9229,15
9230,15
9231,15
9232,15
9233,15
9234,14
9235,14
9236,14
9237,14
9238,14
9239,14
9240,14
9241,14
9242,13
9243,13
9244,13
9245,13
9246,13
9247,13
9248,13
9249,13
9250,13
9251,12
9252,12
9253,12
9254,12
9255,12
9256,12
9257,12
9258,12
9259,12
9260,12
9261,11
9262,11
9263,11
9264,11
9265,11
9266,11
9267,11
9268,11
9269,11
9270,11
9271,11
9272,11
9273,11
9274,11
9275,10
9276,10
9277,10
9278,10
9279,10
9280,10
9281,10
9282,10
9283,10
9284,10
9285,10
9286,10
9287,10
9288,10
9289,10
9290,10
9291,10
9292,9
9293,9
9294,9
9295,9
9296,9
9297,9
9298,9
9299,9
9300,9
9301,9
9302,9
9303,9
9304,9
9305,9
9306,9
9307,9
9308,9
9309,9
9310,9
9311,9
9312,9
9313,9
9314,9
9315,8
9316,8
9317,8
9318,8
9319,8
9320,8
9321,8
9322,8
9323,8
9324,8
9325,8
9326,8
9327,8
9328,8
9329,8
9330,8
9331,8
9332,8
9333,8
9334,8
9335,8
9336,8
9337,8
9338,8
9339,8
9340,8
9341,8
9342,8
9343,8
9344,8
9345,8
9346,8
9347,8
9348,7
9349,7
9350,7
9351,7
9352,7
9353,7
9354,7
9355,7
9356,7
9357,7
9358,7
9359,7
9360,7
9361,7
9362,7
9363,7
9364,7
9365,7
9366,7
9367,7
9368,7
9369,7
9370,8
9371,8
9372,8
9373,8
9374,8
9375,9
9376,9
9377,9
9378,10
9379,10
9380,11
9381,11
9382,12
9383,13
9384,13
9385,14
9386,15
9387,16
9388,17
9389,18
9390,19
9391,20
9392,20
9393,21
9394,22
9395,22
9396,23
9397,24
9398,24
9399,25
9400,25
9401,26
9402,27
9403,27
9404,27
9405,28
9406,29
9407,29
9408,30
9409,31
9410,31
9411,31
9412,31
9413,31
9414,31
9415,31
9416,31
9417,30
9418,30
9419,30
9420,30
9421,30
9422,31
9423,31
9424,31
9425,31
9426,31
9427,32
9428,32
9429,32
9430,33
9431,33
9432,33
9433,33
9434,34
9435,34
9436,34
9437,35
9438,35
9439,36
9440,37
9441,37
9442,37
9443,38
9444,38
9445,38
9446,38
9447,39
9448,39
9449,39
9450,38
9451,38
9452,38
9453,38
9454,38
9455,38
9456,37
9457,37
9458,37
9459,36
9460,36
9461,36
9462,35
9463,35
9464,35
9465,34
9466,34
9467,34
9468,33
9469,33
9470,32
9471,32
9472,31
9473,31
9474,30
9475,30
9476,30
9477,29
9478,29
9479,28
9480,13
9481,13
9482,13
9483,13
9484,14
9485,14
9486,14
9487,15
9488,15
9489,15
9490,16
9491,16
9492,16
9493,17
9494,18
9495,18
9496,19
9497,20
9498,20
9499,21
9500,21
9501,21
9502,20
9503,20
9504,20
9505,20
9506,21
9507,21
9508,22
9509,22
9510,22
9511,22
9512,23
9513,24
9514,24
9515,24
9516,24
9517,25
9518,25
9519,25
9520,25
9521,26
9522,26
9523,26
9524,26
9525,27
9526,27
9527,27
9528,27
9529,27
9530,27
9531,27
9532,27
9533,27
9534,27
9535,27
9536,27
9537,27
9538,27
9539,27
9540,27
9541,26
9542,26
9543,26
9544,25
9545,25
9546,25
9547,25
9548,25
9549,24
9550,25
9551,25
9552,26
9553,26
9554,26
9555,26
9556,26
9557,25
9558,25
9559,24
9560,24
9561,24
9562,24
9563,24
9564,24
9565,24
9566,24
9567,23
9568,23
9569,23
9570,23
9571,22
9572,22
9573,8
9574,8
9575,8
9576,8
9577,9
9578,9
9579,9
9580,10
9581,10
9582,11
9583,12
9584,12
9585,13
9586,14
9587,15
9588,16
9589,16
9590,17
9591,18
9592,19
9593,20
9594,21
9595,22
9596,23
9597,23
9598,24
9599,25
9600,26
9601,27
9602,27
9603,28
9604,29
9605,29
9606,30
9607,31
9608,32
9609,32
9610,33
9611,34
9612,34
9613,34
9614,33
9615,33
9616,33
9617,33
9618,32
9619,32
9620,32
9621,31
9622,31
9623,31
9624,31
9625,31
9626,32
9627,32
9628,32
9629,32
9630,32
9631,32
9632,33
9633,33
9634,33
9635,33
9636,33
9637,34
9638,34
9639,34
9640,35
9641,36
9642,37
9643,38
9644,38
9645,38
9646,39
9647,39
9648,39
9649,39
9650,40
9651,40
9652,39
9653,38
9654,38
9655,38
9656,37
9657,37
9658,37
9659,37
9660,36
9661,36
9662,35
9663,35
9664,35
9665,34
9666,34
9667,33
9668,33
9669,32
9670,32
9671,31
9672,31
9673,30
9674,30
9675,18
9676,19
9677,19
9678,19
9679,20
9680,21
9681,22
9682,23
9683,24
9684,25
9685,25
9686,26
9687,27
9688,27
9689,28
9690,29
9691,30
9692,30
9693,31
9694,32
9695,32
9696,33
9697,34
9698,34
9699,34
9700,33
9701,34
9702,34
9703,33
9704,33
9705,32
9706,32
9707,32
9708,32
9709,32
9710,31
9711,31
9712,31
9713,31
9714,32
9715,32
9716,32
9717,32
9718,32
9719,33
9720,33
9721,33
9722,34
9723,34
9724,35
9725,35
9726,36
9727,37
9728,38
9729,39
9730,38
9731,39
9732,40
9733,40
9734,40
9735,40
9736,40
9737,40
9738,40
9739,39
9740,39
9741,39
9742,39
9743,39
9744,39
9745,38
9746,38
9747,37
9748,37
9749,36
9750,36
9751,36
9752,35
9753,35
9754,35
9755,34
9756,34
9757,33
9758,33
9759,32
9760,32
9761,32
9762,31
9763,31
9764,29
9765,28
9766,11
9767,11
9768,11
9769,11
9770,11
9771,12
9772,12
9773,12
9774,13
9775,13
9776,14
9777,14
9778,15
9779,15
9780,16
9781,16
9782,17
9783,17
9784,18
9785,19
9786,20
9787,20
9788,21
9789,21
9790,22
9791,23
9792,23
9793,24
9794,25
9795,25
9796,26
9797,26
9798,27
9799,27
9800,28
9801,27
9802,28
9803,28
9804,28
9805,29
9806,29
9807,30
9808,30
9809,30
9810,31
9811,31
9812,31
9813,31
9814,31
9815,31
9816,31
9817,31
9818,31
9819,31
9820,31
9821,31
9822,32
9823,32
9824,32
9825,32
9826,32
9827,33
9828,33
9829,33
9830,33
9831,34
9832,34
9833,35
9834,35
9835,36
9836,36
9837,37
9838,38
9839,37
9840,38
9841,38
9842,39
9843,38
9844,39
9845,39
9846,39
9847,39
9848,38
9849,38
9850,38
9851,38
9852,37
9853,36
9854,35
9855,35
9856,35
9857,35
9858,35
9859,35
9860,35
9861,34
9862,34
9863,34
9864,33
9865,33
9866,32
9867,32
9868,32
9869,31
9870,31
9871,30
9872,30
9873,29
9874,29
9875,28
9876,28
9877,28
9878,27
9879,27
9880,26
